ba,2014,2015,2016,2017,2018,2019,2020,2021,2022,2023,2024,2025,2026,2027,2028,2029,2030,2031,2032,2033,2034,2035,2036,2037,2038,2039,2040,2041,2042,2043,2044,2045,2046,2047,2048,2049,2050
p1,0.044262107199,0.044262107199,0.044262107199,0.044262107199,0.044262107199,0.043404288286,0.042546469373,0.0420555437955,0.041564618218,0.042363090413,0.043161562608,0.043462670178,0.043763777748,0.0436741905025,0.043584603257,0.0436757378545,0.043766872452,0.0477292413435,0.051691610235,0.0505634955215,0.049435380808,0.0499249477795,0.050414514751,0.049381786544,0.048349058337,0.0489710341285,0.04959300992,0.0496664589745,0.049739908029,0.049121500314,0.048503092599,0.0513891602395,0.05427522788,0.0536969798135,0.053118731747,0.0514408309685,0.04976293019
p10,0.054226601992,0.054226601992,0.054226601992,0.054226601992,0.054226601992,0.052618135349,0.051009668706,0.052359614838,0.05370956097,0.055216299169,0.056723037368,0.058609072792,0.060495108216,0.0618731012625,0.063251094309,0.0581725984895,0.05309410267,0.0543306058655,0.055567109061,0.0554288572915,0.055290605522,0.0552421583925,0.055193711263,0.0552426331995,0.055291555136,0.055035256353,0.05477895757,0.055146689882,0.055514422194,0.05514615109,0.054777879986,0.0544188639515,0.054059847917,0.0512704374135,0.04848102691,0.0488546276945,0.049228228479
p100,0.034216698069,0.034216698069,0.034216698069,0.034216698069,0.034216698069,0.0332971380145,0.03237757796,0.0347122939585,0.037047009957,0.0380184502265,0.038989890496,0.038388268028,0.03778664556,0.0374752904815,0.037163935403,0.036656914551,0.036149893699,0.037387876886,0.038625860073,0.0395339266765,0.04044199328,0.0411359119875,0.041829830695,0.0417847304075,0.04173963012,0.0427505641375,0.043761498155,0.0438928897425,0.04402428133,0.044439578118,0.044854874906,0.0449375074365,0.045020139967,0.0454524148215,0.045884689676,0.046149030118,0.04641337056
p101,0.034938152523,0.034938152523,0.034938152523,0.034938152523,0.034938152523,0.034422191831,0.033906231139,0.035426479617,0.036946728095,0.037312820651,0.037678913207,0.037117592455,0.036556271703,0.0362890761015,0.0360218805,0.0362047331355,0.036387585771,0.0392529684295,0.042118351088,0.0428959726555,0.043673594223,0.044271506506,0.044869418789,0.044677245568,0.044485072347,0.044904103252,0.045323134157,0.0453404178375,0.045357701518,0.045716572667,0.046075443816,0.046003029014,0.045930614212,0.046632457972,0.047334301732,0.047225874983,0.047117448234
p102,0.033977391154,0.033977391154,0.033977391154,0.033977391154,0.033977391154,0.033482011394,0.032986631634,0.034447884535,0.035909137436,0.036282625718,0.036656114,0.036128202517,0.035600291034,0.0353299027685,0.035059514503,0.035228676043,0.035397837583,0.0380996225615,0.04080140754,0.041497280711,0.042193153882,0.0427930854415,0.043393017001,0.0432497505225,0.043106484044,0.043522998122,0.0439395122,0.0440327093965,0.044125906593,0.04453956383,0.044953221067,0.044650512389,0.044347803711,0.045029124802,0.045710445893,0.045637003417,0.045563560941
p103,0.033736375905,0.033736375905,0.033736375905,0.033736375905,0.033736375905,0.033199805339,0.032663234773,0.036058364729,0.039453494685,0.03976282586,0.040072157035,0.0396675522985,0.039262947562,0.0383702489195,0.037477550277,0.036171668124,0.034865785971,0.0367031991635,0.038540612356,0.0393372482635,0.040133884171,0.040639739254,0.041145594337,0.0410984475515,0.041051300766,0.042274209241,0.043497117716,0.0438652381845,0.044233358653,0.04480720566,0.045381052667,0.045784208377,0.046187364087,0.0470466793685,0.04790599465,0.0491942888935,0.050482583137
p104,0.03300246932,0.03300246932,0.03300246932,0.03300246932,0.03300246932,0.0324598737755,0.031917278231,0.035120088936,0.038322899641,0.0387316676535,0.039140435666,0.0388135033695,0.038486571073,0.037691510739,0.036896450405,0.035904938388,0.034913426371,0.036484902522,0.038056378673,0.0386945860035,0.039332793334,0.039796891703,0.040260990072,0.0401122664005,0.039963542729,0.040880616353,0.041797689977,0.0420438485255,0.042290007074,0.042317330331,0.042344653588,0.0431027801945,0.043860906801,0.0437942184655,0.04372753013,0.043782606441,0.043837682752
p105,0.033050594569,0.033050594569,0.033050594569,0.033050594569,0.033050594569,0.032468618255,0.031886641941,0.0349164979515,0.037946353962,0.0383839792915,0.038821604621,0.03854677916,0.038271953699,0.037625707972,0.036979462245,0.036115563754,0.035251665263,0.036686649861,0.038121634459,0.0389471612685,0.039772688078,0.0402441208025,0.040715553527,0.0407310324795,0.040746511432,0.0416554019755,0.042564292519,0.0424653427365,0.042366392954,0.0425991124375,0.042831831921,0.0430328119585,0.043233791996,0.0437420776055,0.044250363215,0.044764755768,0.045279148321
p106,0.032806991982,0.032806991982,0.032806991982,0.032806991982,0.032806991982,0.0322584528505,0.031709913719,0.034712932305,0.037715950891,0.038096516317,0.038477081743,0.0382066827265,0.03793628371,0.037299039137,0.036661794564,0.035819610866,0.034977427168,0.036403795518,0.037830163868,0.038760289443,0.039690415018,0.0401080239045,0.040525632791,0.040575769486,0.040625906181,0.0415374581435,0.042449010106,0.042393641013,0.04233827192,0.042545352762,0.042752433604,0.042981623015,0.043210812426,0.04357086556,0.043930918694,0.044468583946,0.045006249198
p107,0.031752055343,0.031752055343,0.031752055343,0.031752055343,0.031752055343,0.031221048231,0.030690041119,0.033588674518,0.036487307917,0.0368498501225,0.037212392328,0.0369475262145,0.036682660101,0.0360646635095,0.035446666918,0.0346527375735,0.033858808229,0.0352573074945,0.03665580676,0.0375940112365,0.038532215713,0.0390125409395,0.039492866166,0.0394993341645,0.039505802163,0.0404141914025,0.041322580642,0.0412996980745,0.041276815507,0.041492991754,0.041709168001,0.0418822765955,0.04205538519,0.042441772863,0.042828160536,0.043354407926,0.043880655316
p108,0.032531938124,0.032531938124,0.032531938124,0.032531938124,0.032531938124,0.03236751733,0.032203096536,0.0341088811195,0.036014665703,0.0369872156455,0.037959765588,0.0373166783905,0.036673591193,0.036557848267,0.036442105341,0.0356727124265,0.034903319512,0.036477329886,0.03805134026,0.038852836647,0.039654333034,0.040351056679,0.041047780324,0.0410629882155,0.041078196107,0.042017814995,0.042957433883,0.043019047363,0.043080660843,0.043160484373,0.043240307903,0.043294719976,0.043349132049,0.043899642678,0.044450153307,0.0448202524215,0.045190351536
p109,0.05264116458,0.05264116458,0.05264116458,0.05264116458,0.05264116458,0.046918685553,0.041196206526,0.0401433783965,0.039090550267,0.0394657138365,0.039840877406,0.0394936274835,0.039146377561,0.0393713981595,0.039596418758,0.038426098461,0.037255778164,0.038607511576,0.039959244988,0.040328076295,0.040696907602,0.041445753035,0.042194598468,0.042163237606,0.042131876744,0.043122311272,0.0441127458,0.0441496682795,0.044186590759,0.0441121352475,0.044037679736,0.044178014712,0.044318349688,0.0448207494955,0.045323149303,0.0454543279315,0.04558550656
p11,0.055613816259,0.055613816259,0.055613816259,0.055613816259,0.055613816259,0.054489735673,0.053365655087,0.0540229309285,0.05468020677,0.056168121114,0.057656035458,0.059461490388,0.061266945318,0.0626754030635,0.064083860809,0.058947880754,0.053811900699,0.05532155254,0.056831204381,0.056705329938,0.056579455495,0.05647275681,0.056366058125,0.056426820938,0.056487583751,0.0562131108325,0.055938637914,0.0562649218145,0.056591205715,0.05618057275,0.055769939785,0.055392400089,0.055014860393,0.05227851352,0.049542166647,0.0499866542885,0.05043114193
p110,0.034999282352,0.034999282352,0.034999282352,0.034999282352,0.034999282352,0.034236826332,0.033474370312,0.0357844061325,0.038094441953,0.0389160892275,0.039737736502,0.039189326042,0.038640915582,0.0383036987835,0.037966481985,0.0373026161725,0.03663875036,0.037907189927,0.039175629494,0.040009145436,0.040842661378,0.041504286647,0.042165911916,0.042050239709,0.041934567502,0.0426019559295,0.043269344357,0.0433442581455,0.043419171934,0.043676341525,0.043933511116,0.043938111475,0.043942711834,0.0445508951285,0.045159078423,0.0453639730215,0.04556886762
p111,0.034485574394,0.034485574394,0.034485574394,0.034485574394,0.034485574394,0.0336806748195,0.032875775245,0.0364288501305,0.039981925016,0.040497100487,0.041012275958,0.040690110951,0.040367945944,0.0395003804565,0.038632814969,0.0378254575065,0.037018100044,0.038749157375,0.040480214706,0.0414444296555,0.042408644605,0.042945823503,0.043483002401,0.0433900731605,0.04329714392,0.044017661237,0.044738178554,0.044774361916,0.044810545278,0.0450995679745,0.045388590671,0.045398321974,0.045408053277,0.0459606408115,0.046513228346,0.047046271398,0.04757931445
p112,0.033482120036,0.033482120036,0.033482120036,0.033482120036,0.033482120036,0.032845692943,0.03220926585,0.0352363129825,0.038263360115,0.038719833203,0.039176306291,0.038888927119,0.038601547947,0.03783286732,0.037064186693,0.0363278712295,0.035591555766,0.0370364077515,0.038481259737,0.0392979208965,0.040114582056,0.040622041732,0.041129501408,0.041135867427,0.041142233446,0.041958520992,0.042774808538,0.0427486244705,0.042722440403,0.0429529333865,0.04318342637,0.04318590459,0.04318838281,0.043661081435,0.04413378006,0.044703153465,0.04527252687
p113,0.033857448127,0.033857448127,0.033857448127,0.033857448127,0.033857448127,0.033196564305,0.032535680483,0.035881102786,0.039226525089,0.0397139524465,0.040201379804,0.0398974000965,0.039593420389,0.0386480315595,0.03770264273,0.0369043882055,0.036106133681,0.037857011513,0.039607889345,0.040616957422,0.041626025499,0.042203319113,0.042780612727,0.042797965991,0.042815319255,0.0435677886385,0.044320258022,0.0443243003695,0.044328342717,0.044466496785,0.044604650853,0.044256103864,0.043907556875,0.044373844285,0.044840131695,0.0453783686275,0.04591660556
p114,0.033909009096,0.033909009096,0.033909009096,0.033909009096,0.033909009096,0.0332436039515,0.032578198807,0.035851879154,0.039125559501,0.0396029064175,0.040080253334,0.039778947444,0.039477641554,0.0385650932495,0.037652544945,0.036837042158,0.036021539371,0.037772810066,0.039524080761,0.040597379371,0.041670677981,0.042221307491,0.042771937001,0.0427188637735,0.042665790546,0.043409464838,0.04415313913,0.0441505683965,0.044147997663,0.0443124468065,0.04447689595,0.0445201892655,0.044563482581,0.0450515924115,0.045539702242,0.046094146061,0.04664858988
p115,0.0340326659,0.0340326659,0.0340326659,0.0340326659,0.0340326659,0.0338991530845,0.033765640269,0.035694273364,0.037622906459,0.038530143559,0.039437380659,0.0390676122775,0.038697843896,0.0382001607905,0.037702477685,0.0369335187065,0.036164559728,0.037590976077,0.039017392426,0.0399024438515,0.040787495277,0.0414725894535,0.04215768363,0.0421281314395,0.042098579249,0.0430924480985,0.044086316948,0.044226081493,0.044365846038,0.0446943614835,0.045022876929,0.045000625034,0.044978373139,0.045528892013,0.046079410887,0.0465488709035,0.04701833092
p116,0.034235239709,0.034235239709,0.034235239709,0.034235239709,0.034235239709,0.0334267658675,0.032618292026,0.0349265646855,0.037234837345,0.038077921586,0.038921005827,0.0383733335775,0.037825661328,0.037546624406,0.037267587484,0.036604630157,0.03594167283,0.0372044953315,0.038467317833,0.0393104525655,0.040153587298,0.0408090088685,0.041464430439,0.0414388537945,0.04141327715,0.042337231498,0.043261185846,0.043369112543,0.04347703924,0.043785183943,0.044093328646,0.0441424215615,0.044191514477,0.0447501001915,0.045308685906,0.045565467988,0.04582225007
p117,0.034455698704,0.034455698704,0.034455698704,0.034455698704,0.034455698704,0.033705514537,0.03295533037,0.0352214671035,0.037487603837,0.038292029005,0.039096454173,0.038558670261,0.038020886349,0.0377420491825,0.037463212016,0.036795986126,0.036128760236,0.037346785322,0.038564810408,0.039374491713,0.040184173018,0.040831352041,0.041478531064,0.0414346994925,0.041390867921,0.0423058399285,0.043220811936,0.043311841898,0.04340287186,0.043646096986,0.043889322112,0.0439135472135,0.043937772315,0.0445275529785,0.045117333642,0.045366952286,0.04561657093
p118,0.035464364806,0.035464364806,0.035464364806,0.035464364806,0.035464364806,0.0346734401145,0.033882515423,0.036225488687,0.038568461951,0.039217852786,0.039867243621,0.0393720524705,0.03887686132,0.038396652228,0.037916443136,0.037228281803,0.03654012047,0.037913657061,0.039287193652,0.040098158878,0.040909124104,0.0415940590355,0.042278993967,0.0422931339865,0.042307274006,0.043228623646,0.044149973286,0.0442332993045,0.044316625323,0.044599206437,0.044881787551,0.044916087648,0.044950387745,0.045140407576,0.045330427407,0.0456530143785,0.04597560135
p119,0.036045594765,0.036045594765,0.036045594765,0.036045594765,0.036045594765,0.0351339904115,0.034222386058,0.035785973774,0.03734956149,0.03824146388,0.03913336627,0.0386205915835,0.038107816897,0.0375629015305,0.037017986164,0.036487777644,0.035957569124,0.036879011345,0.037800453566,0.0381003405275,0.038400227489,0.0387657325,0.039131237511,0.039558033384,0.039984829257,0.0409730144195,0.041961199582,0.0423217837695,0.042682367957,0.043404390682,0.044126413407,0.0440687841445,0.044011154882,0.0445715779805,0.045132001079,0.045362005501,0.045592009923
p12,0.050095845285,0.050095845285,0.050095845285,0.050095845285,0.050095845285,0.0474461326425,0.04479642,0.044371352131,0.043946284262,0.0450227559465,0.046099227631,0.0469508557645,0.047802483898,0.0477356602845,0.047668836671,0.044820384353,0.041971932035,0.043100706891,0.044229481747,0.0453541019925,0.046478722238,0.046893124177,0.047307526116,0.046657115864,0.046006705612,0.046336130259,0.046665554906,0.045926389461,0.045187224016,0.0448087987265,0.044430373437,0.0446083654865,0.044786357536,0.046287386027,0.047788414518,0.047715078645,0.047641742772
p120,0.035324697143,0.035324697143,0.035324697143,0.035324697143,0.035324697143,0.034942589801,0.034560482459,0.0362662719885,0.037972061518,0.038882884498,0.039793707478,0.039359186569,0.03892466566,0.0384145576755,0.037904449691,0.0372859264685,0.036667403246,0.0378684364935,0.039069469741,0.0398021014225,0.040534733104,0.0411298875915,0.041725042079,0.042001742224,0.042278442369,0.0432853331545,0.04429222394,0.0444310834385,0.044569942937,0.0449661580685,0.0453623732,0.045329253067,0.045296132934,0.046006693713,0.046717254492,0.046787734376,0.04685821426
p121,0.035230341672,0.035230341672,0.035230341672,0.035230341672,0.035230341672,0.0364782311095,0.037726120547,0.037987409796,0.038248699045,0.0390024769275,0.03975625481,0.040089556083,0.040422857356,0.0391542298475,0.037885602339,0.037292189871,0.036698777403,0.0379373245925,0.039175871782,0.039927215262,0.040678558742,0.0412912795765,0.041904000411,0.0421836531795,0.042463305948,0.04347253842,0.044481770892,0.044632492729,0.044783214566,0.0451419551805,0.045500695795,0.045506023499,0.045511351203,0.04617508102,0.046838810837,0.0469280864585,0.04701736208
p122,0.035347535897,0.035347535897,0.035347535897,0.035347535897,0.035347535897,0.0344685377555,0.033589539614,0.0352372396925,0.036884939771,0.037843685255,0.038802430739,0.0382355771305,0.037668723522,0.0371265475255,0.036584371529,0.03602663586,0.035468900191,0.0367334331505,0.03799796611,0.0387012043895,0.039404442669,0.039835313004,0.040266183339,0.0406725575275,0.041078931716,0.0421573411115,0.043235750507,0.0436558452495,0.044075939992,0.0448313626555,0.045586785319,0.045720787835,0.045854790351,0.046442229493,0.047029668635,0.047301483568,0.047573298501
p123,0.036299204422,0.036299204422,0.036299204422,0.036299204422,0.036299204422,0.0369750572875,0.037650910153,0.038069963978,0.038489017803,0.039403924362,0.040318830921,0.0404334050725,0.040547979224,0.039254089755,0.037960200286,0.0373861250595,0.036812049833,0.03832962906,0.039847208287,0.0407696546635,0.04169210104,0.0424184503795,0.043144799719,0.04360202903,0.044059258341,0.0452984671415,0.046537675942,0.0469010818115,0.047264487681,0.047951422044,0.048638356407,0.0486846746015,0.048730992796,0.04933848795,0.049945983104,0.0501997483325,0.050453513561
p124,0.03752702703,0.03752702703,0.03752702703,0.03752702703,0.03752702703,0.0357473477,0.03396766837,0.0366018520565,0.039236035743,0.0403851116595,0.041534187576,0.0407275958305,0.039921004085,0.0395661970565,0.039211390028,0.0378273307525,0.036443271477,0.034732737735,0.033022203993,0.0327167431745,0.032411282356,0.032546786379,0.032682290402,0.0383380015135,0.043993712625,0.038013673578,0.032033634531,0.0316337025065,0.031233770482,0.031301196941,0.0313686234,0.0385893938585,0.045810164317,0.0466081466125,0.047406128908,0.0469555137615,0.046504898615
p125,0.035831553142,0.035831553142,0.035831553142,0.035831553142,0.035831553142,0.0359520230145,0.036072492887,0.037004890464,0.037937288041,0.0389800193685,0.040022750696,0.039798274263,0.03957379783,0.0385963187355,0.037618839641,0.037039631052,0.036460422463,0.038004455571,0.039548488679,0.0404413049395,0.0413341212,0.0418872908035,0.042440460407,0.0429125704775,0.043384680548,0.0446352819005,0.045885883253,0.0463985709825,0.046911258712,0.047643190974,0.048375123236,0.0484842894345,0.048593455633,0.0492075928755,0.049821730118,0.050020136938,0.050218543758
p126,0.03572813614,0.03572813614,0.03572813614,0.03572813614,0.03572813614,0.039188698688,0.042649261236,0.0405843232985,0.038519385361,0.039493714946,0.040468044531,0.040902431539,0.041336818547,0.039566238179,0.037795657811,0.0371192173285,0.036442776846,0.038288567301,0.040134357756,0.0411641681865,0.042193978617,0.042793390437,0.043392802257,0.04396651767,0.044540233083,0.045928706839,0.047317180595,0.047927618761,0.048538056927,0.0494774865715,0.050416916216,0.0506626768005,0.050908437385,0.0515076601815,0.052106882978,0.052309620951,0.052512358924
p127,0.040375177889,0.040375177889,0.040375177889,0.040375177889,0.040375177889,0.037845985071,0.035316792253,0.037872852339,0.040428912425,0.043023470826,0.045618029227,0.0452298662535,0.04484170328,0.044325685588,0.043809667896,0.0421214127585,0.040433157621,0.036703992295,0.032974826969,0.0325770528065,0.032179278644,0.032377830828,0.032576383012,0.0348751044895,0.037173825967,0.0370797201645,0.036985614362,0.043036508274,0.049087402186,0.051136662268,0.05318592235,0.050944333171,0.048702743992,0.048588896676,0.04847504936,0.0489459988,0.04941694824
p128,0.041360805013,0.041360805013,0.041360805013,0.041360805013,0.041360805013,0.0387487911095,0.036136777206,0.038725891255,0.041315005304,0.0438484016535,0.046381798003,0.045981447612,0.045581097221,0.045033647938,0.044486198655,0.042823853981,0.041161509307,0.037485970942,0.033810432577,0.033420079249,0.033029725921,0.033235066986,0.033440408051,0.0357847121635,0.038129016276,0.0384657394465,0.038802462617,0.046280165014,0.053757867411,0.0560475579575,0.058337248504,0.056228107161,0.054118965818,0.0540133643555,0.053907762893,0.0543477177915,0.05478767269
p129,0.040775416991,0.040775416991,0.040775416991,0.040775416991,0.040775416991,0.038023127923,0.035270838855,0.0362872036505,0.037303568446,0.03756286739,0.037822166334,0.036912771863,0.036003377392,0.035783136108,0.035562894824,0.035112648739,0.034662402654,0.0340260609135,0.033389719173,0.033387508974,0.033385298775,0.0335891293645,0.033792959954,0.033839724716,0.033886489478,0.0349672499335,0.036048010389,0.0392933319645,0.04253865354,0.0438148297255,0.045091005911,0.0430147184325,0.040938430954,0.042625516841,0.044312602728,0.0448664817975,0.045420360867
p13,0.05588122807,0.05588122807,0.05588122807,0.05588122807,0.05588122807,0.052479963314,0.049078698558,0.0480821374355,0.047085576313,0.0483496171325,0.049613657952,0.050614147331,0.05161463671,0.0522559440815,0.052897251453,0.048878976129,0.044860700805,0.047354420437,0.049848140069,0.050641023155,0.051433906241,0.051940111151,0.052446316061,0.052257490338,0.052068664615,0.052180383854,0.052292103093,0.0515404456205,0.050788788148,0.0499531735065,0.049117558865,0.0493057450315,0.049493931198,0.0507956954525,0.052097459707,0.051630858937,0.051164258167
p130,0.041785890457,0.041785890457,0.041785890457,0.041785890457,0.041785890457,0.039902771384,0.038019652311,0.0385192026665,0.039018753022,0.039520024622,0.040021296222,0.0392264919115,0.038431687601,0.0379308687935,0.037430049986,0.036491498489,0.035552946992,0.034901287265,0.034249627538,0.034225467622,0.034201307706,0.034404634187,0.034607960668,0.0346919487975,0.034775936927,0.0360531518815,0.037330366836,0.0411569123305,0.044983457825,0.046419408023,0.047855358221,0.0455088525,0.043162346779,0.045018767405,0.046875188031,0.0474177313875,0.047960274744
p131,0.042097263169,0.042097263169,0.042097263169,0.042097263169,0.042097263169,0.0393679111825,0.036638559196,0.037531044482,0.038423529768,0.0386862387695,0.038948947771,0.0380298428895,0.037110738008,0.036862156006,0.036613574004,0.0361562644065,0.035698954809,0.035050012417,0.034401070025,0.034386424098,0.034371778171,0.0345748683435,0.034777958516,0.034894808233,0.03501165795,0.036426128287,0.037840598624,0.0423526518475,0.046864705071,0.0482468262325,0.049628947394,0.049789849335,0.049950751276,0.0500736151785,0.050196479081,0.051020182057,0.051843885033
p132,0.041563208641,0.041563208641,0.041563208641,0.041563208641,0.041563208641,0.042005968094,0.042448727547,0.041052131738,0.039655535929,0.0389777097815,0.038299883634,0.0374048445305,0.036509805427,0.036251185109,0.035992564791,0.0355459431355,0.03509932148,0.0344630261845,0.033826730889,0.0338113446815,0.033795958474,0.0340005471415,0.034205135809,0.034357452306,0.034509768803,0.0360750022845,0.037640235766,0.0425885512855,0.047536866805,0.0489933367165,0.050449806628,0.0508288762725,0.051207945917,0.051270919847,0.051333893777,0.052175714706,0.053017535635
p133,0.042171601172,0.042171601172,0.042171601172,0.042171601172,0.042171601172,0.0393860677955,0.036600534419,0.0374785215365,0.038356508654,0.0386111030965,0.038865697539,0.037961425931,0.037057154323,0.0368000229085,0.036542891494,0.036092184112,0.03564147673,0.0349954831795,0.034349489629,0.0343394803935,0.034329471158,0.0345395971035,0.034749723049,0.0348986990815,0.035047675114,0.0366475005145,0.038247325915,0.0432784606835,0.048309595452,0.049802950878,0.051296306304,0.0515056195785,0.051714932853,0.0517925047905,0.051870076728,0.052708866912,0.053547657096
p134,0.041908627075,0.041908627075,0.041908627075,0.041908627075,0.041908627075,0.0390448669065,0.036181106738,0.037295933168,0.038410759598,0.038742365493,0.039073971388,0.03817934218,0.037284712972,0.03707078037,0.036856847768,0.0363984488255,0.035940049883,0.0352728884885,0.034605727094,0.034531796437,0.03445786578,0.0346722337255,0.034886601671,0.034945381558,0.035004161445,0.0360789402705,0.037153719096,0.040270903704,0.043388088312,0.044662167365,0.045936246418,0.043899176526,0.041862106634,0.0435003391355,0.045138571637,0.045651380363,0.046164189089
p14,0.045728416271,0.045728416271,0.045728416271,0.045728416271,0.045728416271,0.044054004683,0.042379593095,0.0422446331445,0.042109673194,0.0429825712085,0.043855469223,0.0442210383275,0.044586607432,0.0444745018435,0.044362396255,0.0407170435315,0.037071690808,0.040061761751,0.043051832694,0.043451063807,0.04385029492,0.0439173079715,0.043984321023,0.0436388454915,0.04329336996,0.0431807864705,0.043068202981,0.042231331299,0.041394459617,0.0416039483595,0.041813437102,0.041310526497,0.040807615892,0.0413624548365,0.041917293781,0.042750201627,0.043583109473
p15,0.050144913737,0.050144913737,0.050144913737,0.050144913737,0.050144913737,0.0471631684645,0.044181423192,0.044261536671,0.04434165015,0.0453291339755,0.046316617801,0.046744900409,0.047173183017,0.047076432879,0.046979682741,0.0425623755055,0.03814506827,0.0420826210545,0.046020173839,0.0464422604415,0.046864347044,0.0469195060985,0.046974665153,0.046620923623,0.046267182093,0.0461980678885,0.046128953684,0.0454783035865,0.044827653489,0.044855355993,0.044883058497,0.044210844738,0.043538630979,0.0442090819195,0.04487953286,0.045500494675,0.04612145649
p16,0.048487934524,0.048487934524,0.048487934524,0.048487934524,0.048487934524,0.0459245811145,0.043361227705,0.043274082019,0.043186936333,0.0447659457935,0.046344955254,0.046786375021,0.047227794788,0.0472120272095,0.047196259631,0.0428285787835,0.038460897936,0.0423899714755,0.046319045015,0.046646351012,0.046973657009,0.047047463004,0.047121268999,0.046832977304,0.046544685609,0.0465762735235,0.046607861438,0.045937942871,0.045268024304,0.045288990604,0.045309956904,0.044494256021,0.043678555138,0.0443244231855,0.044970291233,0.0456136111005,0.046256930968
p17,0.04315378353,0.04315378353,0.04315378353,0.04315378353,0.04315378353,0.0416971772005,0.040240570871,0.0401521228075,0.040063674744,0.0409549059385,0.041846137133,0.0427767652885,0.043707393444,0.0435171905375,0.043326987631,0.039925327218,0.036523666805,0.0391591597615,0.041794652718,0.042155619131,0.042516585544,0.042601442776,0.042686300008,0.0423447217165,0.042003143425,0.0418454051705,0.041687666916,0.0408228101275,0.039957953339,0.040089414989,0.040220876639,0.039725648115,0.039230419591,0.039879322049,0.040528224507,0.041287008423,0.042045792339
p18,0.04490339883,0.04490339883,0.04490339883,0.04490339883,0.04490339883,0.042668222948,0.040433047066,0.04060705865,0.040781070234,0.0417457964395,0.042710522645,0.044030096607,0.045349670569,0.0451538529195,0.04495803527,0.040908613306,0.036859191342,0.0401820831675,0.043504974993,0.0439120062665,0.04431903754,0.044454842438,0.044590647336,0.044211386091,0.043832124846,0.043628360801,0.043424596756,0.042465597802,0.041506598848,0.0415047167005,0.041502834553,0.040999415454,0.040495996355,0.0410379744315,0.041579952508,0.042304546098,0.043029139688
p19,0.045805961924,0.045805961924,0.045805961924,0.045805961924,0.045805961924,0.043535018981,0.041264076038,0.0414513318605,0.041638587683,0.042617899086,0.043597210489,0.0444557140575,0.045314217626,0.045283842046,0.045253466466,0.0412326462315,0.037211825997,0.0399014250155,0.042591024034,0.042843231492,0.04309543895,0.043225052281,0.043354665612,0.042892155255,0.042429644898,0.0422489537895,0.042068262681,0.0407340314835,0.039399800286,0.0392728387375,0.039145877189,0.0385806343635,0.038015391538,0.038506055542,0.038996719546,0.03961730067,0.040237881794
p2,0.044902550672,0.044902550672,0.044902550672,0.044902550672,0.044902550672,0.0434367607615,0.041970970851,0.041822025725,0.041673080599,0.04248523121,0.043297381821,0.043672791979,0.044048202137,0.0439706820425,0.043893161948,0.0436272036225,0.043361245297,0.047534071152,0.051706897007,0.0506721376755,0.049637378344,0.050104682339,0.050571986334,0.0495694562755,0.048566926217,0.0491580375755,0.049749148934,0.0497859745685,0.049822800203,0.049242394126,0.048661988049,0.05140418331,0.054146378571,0.0535561450765,0.052965911582,0.051316148435,0.049666385288
p20,0.045018747586,0.045018747586,0.045018747586,0.045018747586,0.045018747586,0.0427884892635,0.040558230941,0.0407857172225,0.041013203504,0.041936704596,0.042860205688,0.0445985794095,0.046336953131,0.046129381257,0.045921809383,0.0415916647105,0.037261520038,0.0409030142975,0.044544508557,0.0449494146615,0.045354320766,0.0455251258885,0.045695931011,0.045289582958,0.044883234905,0.0446814222015,0.044479609498,0.0433089086755,0.042138207853,0.0422933646865,0.04244852152,0.0418592194655,0.041269917411,0.041748780428,0.042227643445,0.0429260823545,0.043624521264
p21,0.043042048636,0.043042048636,0.043042048636,0.043042048636,0.043042048636,0.0411385340585,0.039235019481,0.039218569359,0.039202119237,0.0406900414735,0.04217796371,0.0424882235085,0.042798483307,0.0428349886085,0.04287149391,0.0394959224205,0.036120350931,0.038974882736,0.041829414541,0.0420599468865,0.042290479232,0.042283781769,0.042277084306,0.042040771286,0.041804458266,0.041858284827,0.041912111388,0.0413810134875,0.040849915587,0.0408714273985,0.04089293921,0.0402676043415,0.039642269473,0.0405763692375,0.041510469002,0.042183815222,0.042857161442
p22,0.028335377207,0.028335377207,0.028335377207,0.028335377207,0.028335377207,0.0277326867655,0.027129996324,0.0318870180275,0.036644039731,0.038683067281,0.040722094831,0.0411931714985,0.041664248166,0.042126220731,0.042588193296,0.038619332337,0.034650471378,0.0381988056365,0.041747139895,0.0422414496755,0.042735759456,0.0426403175165,0.042544875577,0.0416451789725,0.040745482368,0.0407529536555,0.040760424943,0.0402184376465,0.03967645035,0.0404886601155,0.041300869881,0.040504000689,0.039707131497,0.0405269553965,0.041346779296,0.040696055151,0.040045331006
p23,0.027795778121,0.027795778121,0.027795778121,0.027795778121,0.027795778121,0.0272011472545,0.026606516388,0.030862320505,0.035118124622,0.0369881516845,0.038858178747,0.039315673493,0.039773168239,0.0401778788075,0.040582589376,0.0371191752335,0.033655761091,0.036709232231,0.039762703371,0.0401912611465,0.040619818922,0.04057345085,0.040527082778,0.0396835511185,0.038840019459,0.0389512252625,0.039062431066,0.038550578312,0.038038725558,0.0388301245095,0.039621523461,0.038843351635,0.038065179809,0.0389617628755,0.039858345942,0.039114917828,0.038371489714
p24,0.027771197892,0.027771197892,0.027771197892,0.027771197892,0.027771197892,0.027270961132,0.026770724372,0.031542647987,0.036314571602,0.0384018056935,0.040489039785,0.0409876663735,0.041486292962,0.0419687469465,0.042451200931,0.0386711729425,0.034891144954,0.0382781816645,0.041665218375,0.0421537919865,0.042642365598,0.042551980041,0.042461594484,0.0415597149435,0.040657835403,0.0407710245995,0.040884213796,0.040346745442,0.039809277088,0.040664851434,0.04152042578,0.040717172362,0.039913918944,0.0407738853205,0.041633851697,0.0409005162945,0.040167180892
p25,0.046193292669,0.046193292669,0.046193292669,0.046193292669,0.046193292669,0.044192801345,0.042192310021,0.04203181594,0.041871321859,0.0436019630365,0.045332604214,0.0456662529155,0.045999901617,0.045993131692,0.045986361767,0.0421461782765,0.038305994786,0.0416424578705,0.044978920955,0.045305627959,0.045632334963,0.045590104293,0.045547873623,0.045358938187,0.045170002751,0.0452614246,0.045352846449,0.044727746496,0.044102646543,0.0441582188885,0.044213791234,0.043171265869,0.042128740504,0.0427732077835,0.043417675063,0.0443626482,0.045307621337
p26,0.042841288865,0.042841288865,0.042841288865,0.042841288865,0.042841288865,0.041135931891,0.039430574917,0.0393757833905,0.039320991864,0.040943841764,0.042566691664,0.042828337399,0.043089983134,0.0431308443565,0.043171705579,0.0399410207695,0.03671033596,0.0393613674045,0.042012398849,0.0422350413225,0.042457683796,0.0424079535195,0.042358223243,0.042123936963,0.041889650683,0.0419276402495,0.041965629816,0.0413656555405,0.040765681265,0.0408063925345,0.040847103804,0.040057850182,0.03926859656,0.040244976192,0.041221355824,0.0418820184525,0.042542681081
p27,0.05123877927,0.05123877927,0.05123877927,0.05123877927,0.05123877927,0.048927580835,0.0466163824,0.0454727941195,0.044329205839,0.0453013197555,0.046273433672,0.046640454598,0.047007475524,0.046917207839,0.046826940154,0.042933884759,0.039040829364,0.0425791100665,0.046117390769,0.0462334931805,0.046349595592,0.0462493196005,0.046149043609,0.046172310665,0.046195577721,0.0462781607665,0.046360743812,0.045788738502,0.045216733192,0.0450371876655,0.044857642139,0.0445713042415,0.044284966344,0.04479313533,0.045301304316,0.04562331303,0.045945321744
p28,0.03093227647,0.03093227647,0.03093227647,0.03093227647,0.03093227647,0.0361478673965,0.041363458323,0.0429878776585,0.044612296994,0.0464729849485,0.048333672903,0.0490444214795,0.049755170056,0.049365030563,0.04897489107,0.044415172637,0.039855454204,0.0447459998125,0.049636545421,0.049852990103,0.050069434785,0.050416077153,0.050762719521,0.050599717633,0.050436715745,0.0502930930995,0.050149470454,0.0495260067545,0.048902543055,0.048634911556,0.048367280057,0.0477505856415,0.047133891226,0.047506069919,0.047878248612,0.0477347124695,0.047591176327
p29,0.029763016165,0.029763016165,0.029763016165,0.029763016165,0.029763016165,0.035219497992,0.040675979819,0.042301573603,0.043927167387,0.045813500135,0.047699832883,0.0484464387655,0.049193044648,0.048824833793,0.048456622938,0.0437202359715,0.038983849005,0.0441239853105,0.049264121616,0.0494903090555,0.049716496495,0.050137172428,0.050557848361,0.0504521358975,0.050346423434,0.050172829705,0.049999235976,0.049360795636,0.048722355296,0.048386448291,0.048050541286,0.047419505562,0.046788469838,0.047131283836,0.047474097834,0.0472227513265,0.046971404819
p3,0.046916484522,0.046916484522,0.046916484522,0.046916484522,0.046916484522,0.0449205261055,0.042924567689,0.0429725754765,0.043020583264,0.043967020476,0.044913457688,0.045472449139,0.04603144059,0.045898509276,0.045765577962,0.045335488247,0.044905398532,0.0497262278505,0.054547057169,0.0534297761025,0.052312495036,0.052843766254,0.053375037472,0.052231272833,0.051087508194,0.051664821796,0.052242135398,0.052287007491,0.052331879584,0.0515205782665,0.050709276949,0.0536080203345,0.05650676372,0.0558362785315,0.055165793343,0.053275294091,0.051384794839
p30,0.031412927003,0.031412927003,0.031412927003,0.031412927003,0.031412927003,0.036417104258,0.041421281513,0.042977974144,0.044534666775,0.046303031876,0.048071396977,0.048633894308,0.049196391639,0.0487181927665,0.048239993894,0.043805226267,0.03937045864,0.0438711967205,0.048371934801,0.048433997901,0.048496061001,0.048816304393,0.049136547785,0.048944090852,0.048751633919,0.048611030824,0.048470427729,0.0478952260225,0.047320024316,0.0471229851445,0.046925945973,0.0463684081995,0.045810870426,0.046279602795,0.046748335164,0.046665752831,0.046583170498
p31,0.029356511944,0.029356511944,0.029356511944,0.029356511944,0.029356511944,0.03331587661,0.037275241276,0.0386742295875,0.040073217899,0.0416955089895,0.04331780008,0.0438028835405,0.044287967001,0.043922795702,0.043557624403,0.0399246059475,0.036291587492,0.0405820908795,0.044872594267,0.044889741825,0.044906889383,0.0449393675205,0.044971845658,0.044790769453,0.044609693248,0.044960240672,0.045310788096,0.045002904986,0.044695021876,0.0449852425145,0.045275463153,0.04455273896,0.043830014767,0.0440812657785,0.04433251679,0.0438761322345,0.043419747679
p32,0.028221859015,0.028221859015,0.028221859015,0.028221859015,0.028221859015,0.0275934514825,0.02696504395,0.0315239933915,0.036082942833,0.038032695145,0.039982447457,0.040477233189,0.040972018921,0.041220782725,0.041469546529,0.037873719379,0.034277892229,0.037456373471,0.040634854713,0.0410890711665,0.04154328762,0.0414561055255,0.041368923431,0.040438934156,0.039508944881,0.039648924133,0.039788903385,0.0392428816285,0.038696859872,0.039521161289,0.040345462706,0.0395568671115,0.038768271517,0.0395958343655,0.040423397214,0.0397787956165,0.039134194019
p33,0.028180517308,0.028180517308,0.028180517308,0.028180517308,0.028180517308,0.0276689727945,0.027157428281,0.0324846144225,0.037811800564,0.0402612359745,0.042710671385,0.043074008897,0.043437346409,0.0440101917255,0.044583037042,0.0409405869925,0.037298136943,0.040967202118,0.044636267293,0.045006064611,0.045375861929,0.045509846072,0.045643830215,0.0447653871755,0.043886944136,0.044007378046,0.044127811956,0.044009358154,0.043890904352,0.0452821706835,0.046673437015,0.044764556132,0.042855675249,0.044878558998,0.046901442747,0.0456771232165,0.044452803686
p34,0.027880674883,0.027880674883,0.027880674883,0.027880674883,0.027880674883,0.027375846857,0.026871018831,0.031726103938,0.036581189045,0.038887603907,0.041194018769,0.0415063705355,0.041818722302,0.0423106510665,0.042802579831,0.0396172595035,0.036431939176,0.039574056144,0.042716173112,0.043008203039,0.043300232966,0.043436364867,0.043572496768,0.042748598313,0.041924699858,0.042043904951,0.042163110044,0.0420658090015,0.041968507959,0.0432225500215,0.044476592084,0.0427581224565,0.041039652829,0.042917557411,0.044795461993,0.04299325254,0.041191043087
p35,0.027876162569,0.027876162569,0.027876162569,0.027876162569,0.027876162569,0.0272009416875,0.026525720806,0.028604454571,0.030683188336,0.0328234118905,0.034963635445,0.0352003371025,0.03543703876,0.034821669943,0.034206301126,0.033297355466,0.032388409806,0.0324353002155,0.032482190625,0.034435961064,0.036389731503,0.0353452433475,0.034300755192,0.032844225619,0.031387696046,0.0332986758585,0.035209655671,0.035924701667,0.036639747663,0.0365608867385,0.036482025814,0.034806855844,0.033131685874,0.0341664655915,0.035201245309,0.035668476419,0.036135707529
p36,0.027650325314,0.027650325314,0.027650325314,0.027650325314,0.027650325314,0.0269784916015,0.026306657889,0.028493148345,0.030679638801,0.032878041454,0.035076444107,0.035208494411,0.035340544715,0.034664879776,0.033989214837,0.0329345162265,0.031879817616,0.032143808268,0.03240779892,0.0344242149755,0.036440631031,0.0356463209115,0.034852010792,0.033419327526,0.03198664426,0.033996918802,0.036007193344,0.037095323401,0.038183453458,0.0388363266945,0.039489199931,0.0376497773435,0.035810354756,0.036524227843,0.03723810093,0.037952549623,0.038666998316
p37,0.047614508815,0.047614508815,0.047614508815,0.047614508815,0.047614508815,0.0376249809135,0.027635453012,0.031071558858,0.034507664704,0.0367079175955,0.038908170487,0.039057473738,0.039206776989,0.0374799065625,0.035753036136,0.034481822299,0.033210608462,0.0340012362815,0.034791864101,0.0363676857025,0.037943507304,0.0386789131365,0.039414318969,0.0379410197165,0.036467720464,0.0385716941805,0.040675667897,0.0402550319435,0.03983439599,0.0403628450085,0.040891294027,0.040021480658,0.039151667289,0.039578382259,0.040005097229,0.0402133749995,0.04042165277
p38,0.047719982273,0.047719982273,0.047719982273,0.047719982273,0.047719982273,0.037714713574,0.027709444875,0.0311442086365,0.034578972398,0.0358063891495,0.037033805901,0.0371127006515,0.037191595402,0.0364771644995,0.035762733597,0.034601203149,0.033439672701,0.034213450223,0.034987227745,0.0364644145985,0.037941601452,0.0385273630575,0.039113124663,0.0381470005815,0.0371808765,0.0388782493725,0.040575622245,0.0402492963215,0.039922970398,0.0405847975885,0.041246624779,0.0392895410825,0.037332457386,0.0380613123295,0.038790167273,0.039611192126,0.040432216979
p39,0.053098601418,0.053098601418,0.053098601418,0.053098601418,0.053098601418,0.0409788935825,0.028859185747,0.0329022822655,0.036945378784,0.0383425248925,0.039739671001,0.0397224772575,0.039705283514,0.0388988570395,0.038092430565,0.0366968754665,0.035301320368,0.036423156663,0.037544992958,0.0395370608695,0.041529128781,0.0421473070985,0.042765485416,0.0420267441335,0.041288002851,0.042790684758,0.044293366665,0.043330800433,0.042368234201,0.043304857127,0.044241480053,0.040751711355,0.037261942657,0.0384120896495,0.039562236642,0.0404976554845,0.041433074327
p4,0.046378560746,0.046378560746,0.046378560746,0.046378560746,0.046378560746,0.0444325622265,0.042486563707,0.0425132408755,0.042539918044,0.043369271991,0.044198625938,0.0446114654865,0.045024305035,0.044912812099,0.044801319163,0.0441421414575,0.043482963752,0.048069825865,0.052656687978,0.0517081847085,0.050759681439,0.0512704964855,0.051781311532,0.0507622475555,0.049743183579,0.0503505186295,0.05095785368,0.0509606162065,0.050963378733,0.050397788046,0.049832197359,0.0525074182785,0.055182639198,0.054564211515,0.053945783832,0.0522451942685,0.050544604705
p40,0.052366328278,0.052366328278,0.052366328278,0.052366328278,0.052366328278,0.040446003416,0.028525678554,0.0325251747055,0.036524670857,0.0376834719935,0.03884227313,0.038891249042,0.038940224954,0.038208599774,0.037476974594,0.036252706915,0.035028439236,0.036044807235,0.037061175234,0.038956820987,0.04085246674,0.041623761123,0.042395055506,0.0417524702525,0.041109884999,0.042763342725,0.044416800451,0.0440593517915,0.043701903132,0.0443216632475,0.044941423363,0.042066831403,0.039192239443,0.040200646601,0.041209053759,0.042423205702,0.043637357645
p41,0.05231981145,0.05231981145,0.05231981145,0.05231981145,0.05231981145,0.0406395255725,0.028959239695,0.0328256209155,0.036692002136,0.037801520096,0.038911038056,0.0389564239345,0.039001809813,0.0382755726385,0.037549335464,0.0363152518385,0.035081168213,0.0359839342065,0.0368867002,0.0386972491235,0.040507798047,0.041354703515,0.042201608983,0.04157573746,0.040949865937,0.042685490597,0.044421115257,0.044055386778,0.043689658299,0.044273946454,0.044858234609,0.0422727609625,0.039687287316,0.0403224094945,0.040957531673,0.042272182895,0.043586834117
p42,0.047826862895,0.047826862895,0.047826862895,0.047826862895,0.047826862895,0.037659348022,0.027491833149,0.030943179965,0.034394526781,0.0366255510845,0.038856575388,0.0390467037115,0.039236832035,0.0374987617785,0.035760691522,0.034530331912,0.033299972302,0.034093321724,0.034886671146,0.0364464885765,0.038006306007,0.038765264978,0.039524223949,0.038067175553,0.036610127157,0.038638619799,0.040667112441,0.0404181656675,0.040169218894,0.040629446863,0.041089674832,0.0403235433365,0.039557411841,0.0399943871645,0.040431362488,0.0407481663385,0.041064970189
p43,0.049066874226,0.049066874226,0.049066874226,0.049066874226,0.049066874226,0.0386837827965,0.028300691367,0.031874715477,0.035448739587,0.0377534634375,0.040058187288,0.04021264368,0.040367100072,0.0386470079455,0.036926915819,0.035660543589,0.034394171359,0.035215997925,0.036037824491,0.037656685517,0.039275546543,0.040061351136,0.040847155729,0.039340060822,0.037832965915,0.039932953316,0.042032940717,0.04177565322,0.041518365723,0.0419940267415,0.04246968776,0.0416768895905,0.040884091421,0.0413356928385,0.041787294256,0.042114582635,0.042441871014
p44,0.048380134056,0.048380134056,0.048380134056,0.048380134056,0.048380134056,0.0382314858115,0.028082837567,0.031582513461,0.035082189355,0.036414948394,0.037747707433,0.0378766384675,0.038005569502,0.0372483074615,0.036491045421,0.0352607392465,0.034030433072,0.034910919485,0.035791405898,0.0372082497865,0.038625093675,0.0391600237745,0.039694953874,0.038806903395,0.037918852916,0.0396749073065,0.041430961697,0.041131049857,0.040831138017,0.041412123574,0.041993109131,0.040105353757,0.038217598383,0.038925773561,0.039633948739,0.040307063718,0.040980178697
p45,0.049383176257,0.049383176257,0.049383176257,0.049383176257,0.049383176257,0.0388549399725,0.028326703688,0.03189925845,0.035471813212,0.0366547806015,0.037837747991,0.037841793156,0.037845838321,0.037151962522,0.036458086723,0.0353054062455,0.034152725768,0.034980010852,0.035807295936,0.0372357295065,0.038664163077,0.03937790287,0.040091642663,0.0393448366905,0.038598030718,0.0402971919215,0.041996353125,0.041613949431,0.041231545737,0.04191400514,0.042596464543,0.040438103764,0.038279742985,0.0389473250295,0.039614907074,0.0408718170555,0.042128727037
p46,0.049937061346,0.049937061346,0.049937061346,0.049937061346,0.049937061346,0.040027445788,0.03011783023,0.033096019304,0.036074208378,0.038421291882,0.040768375386,0.040771723236,0.040775071086,0.0391721294845,0.037569187883,0.036191887643,0.034814587403,0.0354391783005,0.036063769198,0.0374953006245,0.038926832051,0.0397082753095,0.040489718568,0.039166112266,0.037842505964,0.0399107620055,0.041979018047,0.041643752149,0.041308486251,0.041737245135,0.042166004019,0.0415290536265,0.040892103234,0.041292570532,0.04169303783,0.042411270983,0.043129504136
p47,0.030182436692,0.030182436692,0.030182436692,0.030182436692,0.030182436692,0.029777772922,0.029373109152,0.0312850367875,0.033196964423,0.0341966242495,0.035196284076,0.035211257216,0.035226230356,0.0348364101805,0.034446590005,0.034009264192,0.033571938379,0.033666232255,0.033760526131,0.036410696843,0.039060867555,0.039910252835,0.040759638115,0.0409061576845,0.041052677254,0.0422970242815,0.043541371309,0.0430852425125,0.042629113716,0.043714218854,0.044799323992,0.0411370943715,0.037474864751,0.0392395102445,0.041004155738,0.0424626825035,0.043921209269
p48,0.030690405753,0.030690405753,0.030690405753,0.030690405753,0.030690405753,0.030326551046,0.029962696339,0.031857543111,0.033752389883,0.0346001894125,0.035447988942,0.035473817629,0.035499646316,0.0351119801005,0.034724313885,0.0342845990045,0.033844884124,0.033980370702,0.03411585728,0.0365777502675,0.039039643255,0.0398673506085,0.040695057962,0.040779222834,0.040863387706,0.041681635414,0.042499883122,0.041793296203,0.041086709284,0.0422753833805,0.043464057477,0.0396651546645,0.035866251852,0.0379018647965,0.039937477741,0.041697927263,0.043458376785
p49,0.030778668677,0.030778668677,0.030778668677,0.030778668677,0.030778668677,0.030450674357,0.030122680037,0.032077559434,0.034032438831,0.035001352541,0.035970266251,0.036031318108,0.036092369965,0.0356852571915,0.035278144418,0.0349250461635,0.034571947909,0.034869678822,0.035167409735,0.0375892701345,0.040011130534,0.040774739433,0.041538348332,0.0416193946885,0.041700441045,0.042438520632,0.043176600219,0.042337839481,0.041499078743,0.042396893275,0.043294707807,0.039547509793,0.035800311779,0.0374202155635,0.039040119348,0.039419475418,0.039798831488
p5,0.048008213415,0.048008213415,0.048008213415,0.048008213415,0.048008213415,0.046170099711,0.044331986007,0.044155785372,0.043979584737,0.044781349224,0.045583113711,0.045979851023,0.046376588335,0.0462411586115,0.046105728888,0.041994743619,0.03788375835,0.041193543595,0.04450332884,0.04508049452,0.0456576602,0.0456677966875,0.045677933175,0.045312633189,0.044947333203,0.044866738525,0.044786143847,0.044094676553,0.043403209259,0.0433519942445,0.04330077923,0.0429325939585,0.042564408687,0.0430278142735,0.04349121986,0.0441799883545,0.044868756849
p50,0.031866995307,0.031866995307,0.031866995307,0.031866995307,0.031866995307,0.031532868326,0.031198741345,0.033338200487,0.035477659629,0.036526561982,0.037575464335,0.0375370141215,0.037498563908,0.0371286255575,0.036758687207,0.0362646626965,0.035770638186,0.036805042891,0.037839447596,0.0398884727555,0.041937497915,0.042792121552,0.043646745189,0.0437458216735,0.043844898158,0.0448011827065,0.045757467255,0.0449514120435,0.044145356832,0.045123129714,0.046100902596,0.0444708468305,0.042840791065,0.043751754407,0.044662717749,0.045749788515,0.046836859281
p51,0.032211943032,0.032211943032,0.032211943032,0.032211943032,0.032211943032,0.0318836649485,0.031555386865,0.0337171494385,0.035878912012,0.036932151588,0.037985391164,0.0379445674225,0.037903743681,0.037526124412,0.037148505143,0.0366463369415,0.03614416874,0.0371969953145,0.038249821889,0.0402815537605,0.042313285632,0.0430852833165,0.043857281001,0.0438904760665,0.043923671132,0.0448069957905,0.045690320449,0.044899525792,0.044108731135,0.045030182883,0.045951634631,0.044544555022,0.043137475413,0.0438956009745,0.044653726536,0.045607988776,0.046562251016
p52,0.047912641587,0.047912641587,0.047912641587,0.047912641587,0.047912641587,0.038082019849,0.028251398111,0.031384050476,0.034516702841,0.035261799873,0.036006896905,0.0359426777055,0.035878458506,0.035238304662,0.034598150818,0.0340437380785,0.033489325339,0.0338241974145,0.03415906949,0.0364130945355,0.038667119581,0.0395094603515,0.040351801122,0.039993860541,0.03963591996,0.040883800164,0.042131680368,0.0418512435445,0.041570806721,0.0420458922465,0.042520977772,0.0393001138875,0.036079250003,0.0366746760225,0.037270102042,0.0381835865595,0.039097071077
p53,0.05165797715,0.05165797715,0.05165797715,0.05165797715,0.05165797715,0.0403363921185,0.029014807087,0.0327678961715,0.036520985256,0.037289266283,0.03805754731,0.038037544453,0.038017541596,0.037343425802,0.036669310008,0.035851652395,0.035033994782,0.036011956947,0.036989919112,0.0388953287295,0.040800738347,0.0417048133755,0.042608888404,0.0423359302995,0.042062972195,0.043457952649,0.044852933103,0.044639464658,0.044425996213,0.0449438509485,0.045461705684,0.0436057977045,0.041749889725,0.042368595069,0.042987300413,0.04406336818,0.045139435947
p54,0.054132034277,0.054132034277,0.054132034277,0.054132034277,0.054132034277,0.0418924987095,0.029652963142,0.033674584766,0.03769620639,0.0388224219955,0.039948637601,0.0400132121415,0.040077786682,0.039299220197,0.038520653712,0.037225641061,0.03593062841,0.037299993353,0.038669358296,0.040486658066,0.042303957836,0.0432029937405,0.044102029645,0.0435484672835,0.042994904922,0.0447726363015,0.046550367681,0.0462787080345,0.046007048388,0.0468700482975,0.047733048207,0.046398672816,0.045064297425,0.045234063382,0.045403829339,0.0460390928805,0.046674356422
p55,0.053113016778,0.053113016778,0.053113016778,0.053113016778,0.053113016778,0.041970354323,0.030827691868,0.034370968784,0.0379142457,0.038928189451,0.039942133202,0.039864000943,0.039785868684,0.03904449622,0.038303123756,0.0373788886905,0.036454653625,0.037860348683,0.039266043741,0.040767451533,0.042268859325,0.043085544671,0.043902230017,0.043635503789,0.043368777561,0.044718519269,0.046068260977,0.0458777691205,0.045687277264,0.0463507684895,0.047014259715,0.045955709346,0.044897158977,0.045342369435,0.045787579893,0.0463800673075,0.046972554722
p56,0.032605512005,0.032605512005,0.032605512005,0.032605512005,0.032605512005,0.032273960864,0.031942409723,0.034095473513,0.036248537303,0.037301846365,0.038355155427,0.0383143358565,0.038273516286,0.0378930153335,0.037512514381,0.0370103008005,0.03650808722,0.038059497907,0.039610908594,0.041091563142,0.04257221769,0.043153198625,0.04373417956,0.0437039137105,0.043673647861,0.04444095012,0.045208252379,0.044460371755,0.043712491131,0.044601180015,0.045489868899,0.0443149956075,0.043140122316,0.043765358266,0.044390594216,0.045356300264,0.046322006312
p57,0.033283213109,0.033283213109,0.033283213109,0.033283213109,0.033283213109,0.0326352755625,0.031987338016,0.0337271716,0.035467005184,0.036947299015,0.038427592846,0.0381140199495,0.037800447053,0.036676489776,0.035552532499,0.035790767765,0.036029003031,0.036900001595,0.037771000159,0.039590989505,0.041410978851,0.0418797173015,0.042348455752,0.0423563264335,0.042364197115,0.043039798095,0.043715399075,0.043674894582,0.043634390089,0.044165338753,0.044696287417,0.044391000601,0.044085713785,0.043912422167,0.043739130549,0.044476635192,0.045214139835
p58,0.034888576524,0.034888576524,0.034888576524,0.034888576524,0.034888576524,0.034167000041,0.033445423558,0.0349514448365,0.036457466115,0.0377806121165,0.039103758118,0.038821665972,0.038539573826,0.037679494231,0.036819414636,0.0366149828855,0.036410551135,0.0377060464495,0.039001541764,0.039734310574,0.040467079384,0.0409570569715,0.041447034559,0.0413681043835,0.041289174208,0.0418371739235,0.042385173639,0.0424067016495,0.04242822966,0.042789309087,0.043150388514,0.043439925112,0.04372946171,0.0442185543045,0.044707646899,0.045299695006,0.045891743113
p59,0.030331148004,0.030331148004,0.030331148004,0.030331148004,0.030331148004,0.034765196846,0.039199245688,0.0406354289005,0.042071612113,0.043870253092,0.045668894071,0.04616327132,0.046657648569,0.0460928004455,0.045527952322,0.041616731036,0.03770550975,0.042503781181,0.047302052612,0.047327226498,0.047352400384,0.047526705844,0.047701011304,0.0474493323825,0.047197653461,0.0470741294345,0.046950605408,0.0463795853675,0.045808565327,0.0459721464925,0.046135727658,0.045235519794,0.04433531193,0.0451241567715,0.045913001613,0.045880660595,0.045848319577
p6,0.049048366516,0.049048366516,0.049048366516,0.049048366516,0.049048366516,0.047169373867,0.045290381218,0.04510909026,0.044927799302,0.0457199699455,0.046512140589,0.0467564997005,0.047000858812,0.046869324697,0.046737790582,0.0426525509555,0.038567311329,0.041873673141,0.045180034953,0.0458152626925,0.046450490432,0.0463361093185,0.046221728205,0.045805948638,0.045390169071,0.0452956703295,0.045201171588,0.044148402256,0.043095632924,0.0430077112515,0.042919789579,0.0425397895555,0.042159789532,0.042611071047,0.043062352562,0.0436533019595,0.044244251357
p60,0.048257440564,0.048257440564,0.048257440564,0.048257440564,0.048257440564,0.0397874935945,0.031317546625,0.031601047201,0.031884547777,0.0329454762435,0.03400640471,0.03371260181,0.03341879891,0.0328450698105,0.032271340711,0.031969030745,0.031666720779,0.0320030159235,0.032339311068,0.032227549233,0.032115787398,0.034732211746,0.037348636094,0.03755968051,0.037770724926,0.0395336932225,0.041296661519,0.0407080725685,0.040119483618,0.0406766176655,0.041233751713,0.040616846562,0.039999941411,0.041815834456,0.043631727501,0.042925756021,0.042219784541
p61,0.048764643144,0.048764643144,0.048764643144,0.048764643144,0.048764643144,0.040113114785,0.031461586426,0.031704857116,0.031948127806,0.0329233391005,0.033898550395,0.033490708871,0.033082867347,0.032451872227,0.031820877107,0.0314982723195,0.031175667532,0.031496502424,0.031817337316,0.031644274593,0.03147121187,0.0340679726825,0.036664733495,0.036806596281,0.036948459067,0.038716452987,0.040484446907,0.0398311312235,0.03917781554,0.0397002316895,0.040222647839,0.039581198269,0.038939748699,0.0407848849345,0.04263002117,0.0420147229505,0.041399424731
p62,0.050654063527,0.050654063527,0.050654063527,0.050654063527,0.050654063527,0.0410421083085,0.03143015309,0.031643428016,0.031856702942,0.032865290625,0.033873878308,0.033473751113,0.033073623918,0.032477506059,0.0318813882,0.031568362337,0.031255336474,0.0313399769625,0.031424617451,0.031117800253,0.030810983055,0.033800402946,0.036789822837,0.0370869492455,0.037384075654,0.039435028903,0.041485982152,0.040937194035,0.040388405918,0.04068017497,0.040971944022,0.0406528202565,0.040333696491,0.041999327133,0.043664957775,0.0431829180015,0.042700878228
p63,0.051431370735,0.051431370735,0.051431370735,0.051431370735,0.051431370735,0.0418622712455,0.032293171756,0.032541218232,0.032789264708,0.033843332535,0.034897400362,0.034550799625,0.034204198888,0.033790136574,0.03337607426,0.03312441551,0.03287275676,0.0329296165215,0.032986476283,0.0328331634345,0.032679850586,0.035800474362,0.038921098138,0.0393732012695,0.039825304401,0.041605289688,0.043385274975,0.0433098477905,0.043234420606,0.0439762096205,0.044717998635,0.0444710190385,0.044224039442,0.0451633848595,0.046102730277,0.046035863204,0.045968996131
p64,0.050155447501,0.050155447501,0.050155447501,0.050155447501,0.050155447501,0.041448958222,0.032742468943,0.0329806416235,0.033218814304,0.034321472342,0.03542413038,0.0351608047055,0.034897479031,0.0344465805405,0.03399568205,0.0337036657875,0.033411649525,0.033462639144,0.033513628763,0.033257252784,0.033000876805,0.0358709857505,0.038741094696,0.0390484474785,0.039355800261,0.040558249818,0.041760699375,0.0414681184655,0.041175537556,0.0421097802765,0.043044022997,0.042822074281,0.042600125565,0.043360915139,0.044121704713,0.043860905356,0.043600105999
p65,0.050005643147,0.050005643147,0.050005643147,0.050005643147,0.050005643147,0.041469290759,0.032932938371,0.033146690123,0.033360441875,0.034536467459,0.035712493043,0.035453681249,0.035194869455,0.0347241219925,0.03425337453,0.0339484053685,0.033643436207,0.0337133501195,0.033783264032,0.033511614144,0.033239964256,0.036018045796,0.038796127336,0.039058164799,0.039320202262,0.0404405860445,0.041560969827,0.041226895545,0.040892821263,0.041811277122,0.042729732981,0.042517590135,0.042305447289,0.043106702382,0.043907957475,0.0435965545315,0.043285151588
p66,0.035217602579,0.035217602579,0.035217602579,0.035217602579,0.035217602579,0.034709016186,0.034200429793,0.0353729472575,0.036545464722,0.0377633927425,0.038981320763,0.03868591342,0.038390506077,0.037504665782,0.036618825487,0.036543188834,0.036467552181,0.037726277174,0.038985002167,0.0396823944965,0.040379786826,0.0407055888405,0.041031390855,0.0410212081925,0.04101102553,0.041602529757,0.042194033984,0.0422677602695,0.042341486555,0.0427034457175,0.04306540488,0.04240083851,0.04173627214,0.0419516799035,0.042167087667,0.04347024447,0.044773401273
p67,0.051958225426,0.051958225426,0.051958225426,0.051958225426,0.051958225426,0.0429257548785,0.033893284331,0.0340876472605,0.03428201019,0.035502963506,0.036723916822,0.0364360570965,0.036148197371,0.0356575347415,0.035166872112,0.0348440279975,0.034521183883,0.0345945635715,0.03466794326,0.0343689802605,0.034070017261,0.0371144487855,0.04015888031,0.0402984525135,0.040438024717,0.041440533594,0.042443042471,0.0421573265685,0.041871610666,0.0427885102645,0.043705409863,0.043602722572,0.043500035281,0.0446146135295,0.045729191778,0.0454433066145,0.045157421451
p68,0.048898059859,0.048898059859,0.048898059859,0.048898059859,0.048898059859,0.038555187496,0.028212315133,0.0317622285855,0.035312142038,0.036657628863,0.038003115688,0.038140151455,0.038277187222,0.0375058153055,0.036734443389,0.0354929794045,0.03425151542,0.0351032838235,0.035955052227,0.0375454653125,0.039135878398,0.039901699975,0.040667521552,0.039273419067,0.037879316582,0.0398884005785,0.041897484575,0.0415734620325,0.04124943949,0.0417924587895,0.042335478089,0.041459965799,0.040584453509,0.040837645876,0.041090838243,0.041374464849,0.041658091455
p69,0.050206914585,0.050206914585,0.050206914585,0.050206914585,0.050206914585,0.0392282730615,0.028249631538,0.0318445137195,0.035439395901,0.0365938406505,0.0377482854,0.037846442353,0.037944599306,0.037187527213,0.03643045512,0.035249365182,0.034068275244,0.0349552186765,0.035842162109,0.0374098480025,0.038977533896,0.0397596101455,0.040541686395,0.039488557639,0.038435428883,0.0403410873585,0.042246745834,0.0417238530105,0.041200960187,0.041771734087,0.042342507987,0.041391383913,0.040440259839,0.0408693249295,0.04129839002,0.0420835994565,0.042868808893
p7,0.054901914238,0.054901914238,0.054901914238,0.054901914238,0.054901914238,0.051592967681,0.048284021124,0.048107940908,0.047931860692,0.04885503896,0.049778217228,0.0503244684975,0.050870719767,0.0506831316,0.050495543433,0.0451456271905,0.039795710948,0.0447487288195,0.049701746691,0.0503367003505,0.05097165401,0.051050383885,0.05112911376,0.050666937875,0.05020476199,0.0501230591935,0.050041356397,0.049266345022,0.048491333647,0.048471992181,0.048452650715,0.047574574536,0.046696498357,0.047301211122,0.047905923887,0.048340555257,0.048775186627
p70,0.050465214709,0.050465214709,0.050465214709,0.050465214709,0.050465214709,0.0395562867355,0.028647358762,0.0323298761425,0.036012393523,0.0372086241205,0.038404854718,0.038414419839,0.03842398496,0.0377054496485,0.036986914337,0.0357895596045,0.034592204872,0.035477689104,0.036363173336,0.037784816766,0.039206460196,0.039946109419,0.040685758642,0.0400096961575,0.039333633673,0.041077058672,0.042820483671,0.04240530157,0.041990119469,0.0426047159405,0.043219312412,0.0423211471235,0.041422981835,0.0418200647615,0.042217147688,0.043124218779,0.04403128987
p71,0.031378896131,0.031378896131,0.031378896131,0.031378896131,0.031378896131,0.0309474238605,0.03051595159,0.0330731592875,0.035630366985,0.0371241859605,0.038618004936,0.0379962117185,0.037374418501,0.0372240615465,0.037073704592,0.036236393919,0.035399083246,0.037106898364,0.038814713482,0.040124192008,0.041433670534,0.0421698937685,0.042906117003,0.042509482026,0.042112847049,0.043657631983,0.045202416917,0.045106720732,0.045011024547,0.045786434107,0.046561843667,0.046397945775,0.046234047883,0.0467425953955,0.047251142908,0.04803393498,0.048816727052
p72,0.031652456399,0.031652456399,0.031652456399,0.031652456399,0.031652456399,0.0311696783005,0.030686900202,0.033093840478,0.035500780754,0.0370283818805,0.038555983007,0.038010959765,0.037465936523,0.0373279470415,0.03718995756,0.036287157558,0.035384357556,0.037031168594,0.038677979632,0.039800700836,0.04092342204,0.041694885482,0.042466348924,0.042022502507,0.04157865609,0.043046986827,0.044515317564,0.0446274510725,0.044739584581,0.0454870769365,0.046234569292,0.046060661603,0.045886753914,0.046462101732,0.04703744955,0.047872988487,0.048708527424
p73,0.032124107117,0.032124107117,0.032124107117,0.032124107117,0.032124107117,0.0316404100435,0.03115671297,0.033647614936,0.036138516902,0.0376881825915,0.039237848281,0.038680480274,0.038123112267,0.038005701126,0.037888289985,0.036959475303,0.036030660621,0.03769280414,0.039354947659,0.0405748082665,0.041794668874,0.0427038344285,0.043612999983,0.0432182000945,0.042823400206,0.0443097174555,0.045796034705,0.045873922401,0.045951810097,0.0466300537555,0.047308297414,0.0471294553825,0.046950613351,0.0472756896525,0.047600765954,0.047868204449,0.048135642944
p74,0.054179111133,0.054179111133,0.054179111133,0.054179111133,0.054179111133,0.0423927127565,0.03060631438,0.034355759138,0.038105203896,0.0391766978395,0.040248191783,0.039884567936,0.039520944089,0.038752382475,0.037983820861,0.03600486598,0.034025911099,0.0349679236775,0.035909936256,0.0368988908975,0.037887845539,0.0390784034885,0.040268961438,0.039105398758,0.037941836078,0.0402666293,0.042591422522,0.041785300542,0.040979178562,0.0415403586545,0.042101538747,0.0419562694325,0.041811000118,0.041400266668,0.040989533218,0.0429543934835,0.044919253749
p75,0.053913460995,0.053913460995,0.053913460995,0.053913460995,0.053913460995,0.042636749635,0.031360038275,0.0344747121,0.037589385925,0.0386589343065,0.039728482688,0.039353931976,0.038979381264,0.038358472001,0.037737562738,0.0359747235855,0.034211884433,0.035467938793,0.036723993153,0.038191725888,0.039659458623,0.040745807096,0.041832155569,0.0405540596165,0.039275963664,0.0417008858915,0.044125808119,0.0435506303025,0.042975452486,0.043367534739,0.043759616992,0.0435023565915,0.043245096191,0.043349736312,0.043454376433,0.0453379116025,0.047221446772
p76,0.054146006024,0.054146006024,0.054146006024,0.054146006024,0.054146006024,0.042799532201,0.031453058378,0.0345844454065,0.037715832435,0.03879889813,0.039881963825,0.039498666254,0.039115368683,0.038527072589,0.037938776495,0.036128930898,0.034319085301,0.035592151854,0.036865218407,0.038398766809,0.039932315211,0.0409925593725,0.042052803534,0.0407674477425,0.039482091951,0.041902478471,0.044322864991,0.043804479235,0.043286093479,0.043642184319,0.043998275159,0.043666232065,0.043334188971,0.0434399473195,0.043545705668,0.0454351365145,0.047324567361
p77,0.052090935052,0.052090935052,0.052090935052,0.052090935052,0.052090935052,0.0415951928555,0.031099450659,0.0339274055275,0.036755360396,0.037919484956,0.039083609516,0.03902019016,0.038956770804,0.038338576372,0.03772038194,0.036221838984,0.034723296028,0.0355035797395,0.036283863451,0.037760066289,0.039236269127,0.0400674347845,0.040898600442,0.0394574254195,0.038016250397,0.040348055469,0.042679860541,0.042252276842,0.041824693143,0.042259900479,0.042695107815,0.042137561765,0.041580015715,0.041950782228,0.042321548741,0.0431212482525,0.043920947764
p78,0.054919976029,0.054919976029,0.054919976029,0.054919976029,0.054919976029,0.043104606877,0.031289237725,0.0343810852855,0.037472932846,0.0385357421625,0.039598551479,0.0393465883735,0.039094625268,0.0385979626405,0.038101300013,0.0363911666375,0.034681033262,0.0358113185835,0.036941603905,0.038504368697,0.040067133489,0.041132605186,0.042198076883,0.040922931824,0.039647786765,0.0420491993665,0.044450611968,0.0439145936505,0.043378575333,0.0437689762175,0.044159377102,0.043876452357,0.043593527612,0.0438802633945,0.044166999177,0.0458720827265,0.047577166276
p79,0.054966641348,0.054966641348,0.054966641348,0.054966641348,0.054966641348,0.0438098322825,0.032653023217,0.035819166204,0.038985309191,0.0398372038225,0.040689098454,0.0403016456485,0.039914192843,0.039551867406,0.039189541969,0.037528188634,0.035866835299,0.0380455049775,0.040224174656,0.041032787607,0.041841400558,0.0425806940265,0.043319987495,0.0426597247625,0.04199946203,0.043719800714,0.045440139398,0.0447510608665,0.044061982335,0.044516338743,0.044970695151,0.045415934878,0.045861174605,0.045561742165,0.045262309725,0.0468387176535,0.048415125582
p8,0.051910557043,0.051910557043,0.051910557043,0.051910557043,0.051910557043,0.049817532628,0.047724508213,0.049313937444,0.050903366675,0.052064235852,0.053225105029,0.054408217712,0.055591330395,0.0547390090405,0.053886687686,0.0492787521515,0.044670816617,0.046295902615,0.047920988613,0.0480155601995,0.048110131786,0.0502567447545,0.052403357723,0.051869800569,0.051336243415,0.0506356284545,0.049935013494,0.050525711728,0.051116409962,0.0505833590395,0.050050308117,0.050592623396,0.051134938675,0.048001242724,0.044867546773,0.045033665779,0.045199784785
p80,0.057013848584,0.057013848584,0.057013848584,0.057013848584,0.057013848584,0.0445541286755,0.032094408767,0.036012757376,0.039931105985,0.040915698215,0.041900290445,0.041548450996,0.041196611547,0.0407586180275,0.040320624508,0.0385685216365,0.036816418765,0.039553795024,0.042291171283,0.0430357698345,0.043780368386,0.04448219521,0.045184022034,0.044572975212,0.04396192839,0.045877783207,0.047793638024,0.046969891373,0.046146144722,0.047743707155,0.049341269588,0.049118654559,0.04889603953,0.049713174787,0.050530310044,0.050682947382,0.05083558472
p81,0.031074500681,0.031074500681,0.031074500681,0.031074500681,0.031074500681,0.0309159442285,0.030757387776,0.03283733492,0.034917282064,0.0360363988215,0.037155515579,0.036633642782,0.036111769985,0.0359321731525,0.03575257632,0.034919557101,0.034086537882,0.0357252433575,0.037363948833,0.0387213281975,0.040078707562,0.0408415064735,0.041604305385,0.041407597698,0.041210890011,0.0425685653825,0.043926240754,0.0437146423895,0.043503044025,0.0440985662945,0.044694088564,0.0448061376375,0.044918186711,0.0454799253755,0.04604166404,0.046760484557,0.047479305074
p82,0.032103473622,0.032103473622,0.032103473622,0.032103473622,0.032103473622,0.031676225124,0.031248976626,0.033565678958,0.03588238129,0.03701886931,0.03815535733,0.0375795706375,0.037003783945,0.036745813933,0.036487843921,0.035621565508,0.034755287095,0.0363237678,0.037892248505,0.039278692009,0.040665135513,0.0414148963715,0.04216465723,0.0419105027535,0.041656348277,0.0430904688315,0.044524589386,0.0441978920515,0.043871194717,0.044494139477,0.045117084237,0.0452978508415,0.045478617446,0.0463399199395,0.047201222433,0.0476842248385,0.048167227244
p83,0.031703202481,0.031703202481,0.031703202481,0.031703202481,0.031703202481,0.0312925040655,0.03088180565,0.0332144495705,0.035547093491,0.036626172249,0.037705251007,0.037179208607,0.036653166207,0.0363412918945,0.036029417582,0.035191028615,0.034352639648,0.035967790246,0.037582940844,0.0388951109425,0.040207281041,0.0407873162435,0.041367351446,0.0413499262645,0.041332501083,0.0425485508895,0.043764600696,0.043713352891,0.043662105086,0.044203761113,0.04474541714,0.0451180486775,0.045490680215,0.0463422429085,0.047193805602,0.047822394063,0.048450982524
p84,0.031995562793,0.031995562793,0.031995562793,0.031995562793,0.031995562793,0.0315658149855,0.031136067178,0.0333980909205,0.035660114663,0.0371188351255,0.038577555588,0.0381159873495,0.037654419111,0.037488401988,0.037322384865,0.036452486644,0.035582588423,0.037162814165,0.038743039907,0.0397835824185,0.04082412493,0.041393596129,0.041963067328,0.0417430493085,0.041523031289,0.0426234682785,0.043723905268,0.0436182647925,0.043512624317,0.0440913061335,0.04466998795,0.044210521159,0.043751054368,0.04381850146,0.043885948552,0.044727767158,0.045569585764
p85,0.032737173268,0.032737173268,0.032737173268,0.032737173268,0.032737173268,0.032418759112,0.032100344956,0.034136040934,0.036171736912,0.03729393637,0.038416135828,0.0383037490315,0.038191362235,0.0378526029065,0.037513843578,0.036886157169,0.03625847076,0.0377537159875,0.039248961215,0.0399862362765,0.040723511338,0.041265063896,0.041806616454,0.041752898038,0.041699179622,0.0424390838945,0.043178988167,0.0431098517965,0.043040715426,0.043449201248,0.04385768707,0.0434472600785,0.043036833087,0.0435381917105,0.044039550334,0.044707721559,0.045375892784
p86,0.033327050588,0.033327050588,0.033327050588,0.033327050588,0.033327050588,0.0331234010595,0.032919751531,0.0348649079875,0.036810064444,0.037956549345,0.039103034246,0.0389899039885,0.038876773731,0.0383825066385,0.037888239546,0.037134713743,0.03638118794,0.0378516288275,0.039322069715,0.0400389104345,0.040755751154,0.0412982180085,0.041840684863,0.041781704003,0.041722723143,0.0424076696025,0.043092616062,0.042943542748,0.042794469434,0.0431524948735,0.043510520313,0.042711789274,0.041913058235,0.04281390308,0.043714747925,0.044341973057,0.044969198189
p87,0.033178509648,0.033178509648,0.033178509648,0.033178509648,0.033178509648,0.032841506535,0.032504503422,0.0342555875145,0.036006671607,0.0372808090085,0.03855494641,0.03820826318,0.03786157995,0.036979128475,0.036096677,0.0361065820415,0.036116487083,0.0376086400895,0.039100793096,0.0398366427905,0.040572492485,0.041097465458,0.041622438431,0.041501903722,0.041381369013,0.0418769272075,0.042372485402,0.0423455355115,0.042318585621,0.0428325156855,0.04334644575,0.0430681835105,0.042789921271,0.0432872877825,0.043784654294,0.044278297711,0.044771941128
p88,0.032428104035,0.032428104035,0.032428104035,0.032428104035,0.032428104035,0.03221044496,0.031992785885,0.033661617903,0.035330449921,0.0366166946645,0.037902939408,0.0375122086275,0.037121477847,0.036239429446,0.035357381045,0.034201700405,0.033046019765,0.0358535544925,0.03866108922,0.039565095809,0.040469102398,0.0411087192045,0.041748336011,0.0416583733125,0.041568410614,0.0421509481435,0.042733485673,0.042785752523,0.042838019373,0.043238226227,0.043638433081,0.0434735181105,0.04330860314,0.043751795374,0.044194987608,0.044530495718,0.044866003828
p89,0.032249878045,0.032249878045,0.032249878045,0.032249878045,0.032249878045,0.0319812551755,0.031712632306,0.0334232712845,0.035133910263,0.036345566061,0.037557221859,0.0372052354755,0.036853249092,0.035980119695,0.035106990298,0.034037399409,0.03296780852,0.03576023905,0.03855266958,0.0394827572105,0.040412844841,0.04100667416,0.041600503479,0.041453845503,0.041307187527,0.041867285233,0.042427382939,0.042508062753,0.042588742567,0.042905214271,0.043221685975,0.04308624374,0.042950801505,0.0433004849125,0.04365016832,0.044001354445,0.04435254057
p9,0.056622396979,0.056622396979,0.056622396979,0.056622396979,0.056622396979,0.0541643614895,0.051706326,0.053382101405,0.05505787681,0.056663211927,0.058268547044,0.0603084641365,0.062348381229,0.0636679535935,0.064987525958,0.0600405326975,0.055093539437,0.0567036800805,0.058313820724,0.0579736957515,0.057633570779,0.0577324692905,0.057831367802,0.057582991217,0.057334614632,0.0572007924475,0.057066970263,0.057000815132,0.056934660001,0.0568408150265,0.056746970052,0.0561137337745,0.055480497497,0.052357753771,0.049235010045,0.049727459968,0.050219909891
p90,0.031667557574,0.031667557574,0.031667557574,0.031667557574,0.031667557574,0.0314088794845,0.031150201395,0.032972597333,0.034794993271,0.0359747595645,0.037154525858,0.036766364726,0.036378203594,0.035498676782,0.03461914997,0.033712766614,0.032806383258,0.035621874908,0.038437366558,0.0395103423125,0.040583318067,0.041410114297,0.042236910527,0.042101901642,0.041966892757,0.0425382425545,0.043109592352,0.043001837018,0.042894081684,0.0432766683785,0.043659255073,0.043566535046,0.043473815019,0.043925109803,0.044376404587,0.044730616475,0.045084828363
p91,0.032046673847,0.032046673847,0.032046673847,0.032046673847,0.032046673847,0.031779371373,0.031512068899,0.033401099106,0.035290129313,0.0365102097915,0.03773029027,0.0373190896705,0.036907889071,0.035966927356,0.035025965641,0.034061370569,0.033096775497,0.0360970583465,0.039097341196,0.040239953629,0.041382566062,0.042241690709,0.043100815356,0.042972363262,0.042843911168,0.043440475318,0.044037039468,0.0439789519405,0.043920864413,0.0443361306015,0.04475139679,0.0446446171235,0.044537837457,0.0450168383305,0.045495839204,0.0458007858105,0.046105732417
p92,0.033002373229,0.033002373229,0.033002373229,0.033002373229,0.033002373229,0.032846347272,0.032690321315,0.034555901885,0.036421482455,0.03737261264,0.038323742825,0.037682926799,0.037042110773,0.0369228211565,0.03680353154,0.0360997924985,0.035396053457,0.037084650381,0.038773247305,0.039526189826,0.040279132347,0.040978882933,0.041678633519,0.0416977252545,0.04171681699,0.042609653602,0.043502490214,0.043542334456,0.043582178698,0.043713752019,0.04384532534,0.043799163349,0.043753001358,0.0443825423625,0.045012083367,0.045525504127,0.046038924887
p93,0.032742387741,0.032742387741,0.032742387741,0.032742387741,0.032742387741,0.0325648557185,0.032387323696,0.034298838164,0.036210352632,0.037163583213,0.038116813794,0.037488050028,0.036859286262,0.0367379210425,0.036616555823,0.03586335348,0.035110151137,0.036766317171,0.038422483205,0.0391795019205,0.039936520636,0.0406359207595,0.041335320883,0.041349548131,0.041363775379,0.0422635831185,0.043163390858,0.043195213224,0.04322703559,0.043365064156,0.043503092722,0.0435649197075,0.043626746693,0.0442942027725,0.044961658852,0.045445825698,0.045929992544
p94,0.033594413888,0.033594413888,0.033594413888,0.033594413888,0.033594413888,0.033262797361,0.032931180834,0.034891583833,0.036851986832,0.038170654664,0.039489322496,0.0388909176495,0.038292512803,0.037199932341,0.036107351879,0.035087802395,0.034068252911,0.0372379338045,0.040407614698,0.041554518314,0.04270142193,0.043626217884,0.044551013838,0.044378109478,0.044205205118,0.045174732523,0.046144259928,0.0461756838635,0.046207107799,0.0465872374525,0.046967367106,0.0469833432055,0.046999319305,0.0473932521415,0.047787184978,0.0484449771765,0.049102769375
p95,0.034010296097,0.034010296097,0.034010296097,0.034010296097,0.034010296097,0.0334381389435,0.03286598179,0.034857250692,0.036848519594,0.038089524356,0.039330529118,0.038737444074,0.03814435903,0.036858026954,0.035571694878,0.0346400726615,0.033708450445,0.036756714127,0.039804977809,0.040746131084,0.041687284359,0.0425003853535,0.043313486348,0.0430998651885,0.042886244029,0.0436834044135,0.044480564798,0.044354506649,0.0442284485,0.044395867808,0.044563287116,0.044512633426,0.044461979736,0.044610212512,0.044758445288,0.0461573187465,0.047556192205
p96,0.035042688336,0.035042688336,0.035042688336,0.035042688336,0.035042688336,0.0345444747335,0.034046261131,0.0362895749535,0.038532888776,0.0396804379255,0.040827987075,0.040199909716,0.039571832357,0.03911770661,0.038663580863,0.0383460368835,0.038028492904,0.039947498376,0.041866503848,0.0429354748545,0.044004445861,0.0444848124875,0.044965179114,0.0447690872865,0.044572995459,0.0451909642445,0.04580893303,0.0458426240695,0.045876315109,0.0461801801195,0.04648404513,0.046666409445,0.04684877376,0.047212937754,0.047577101748,0.048390731685,0.049204361622
p97,0.034505625603,0.034505625603,0.034505625603,0.034505625603,0.034505625603,0.0338900879315,0.03327455026,0.0355031227505,0.037731695241,0.0388133029935,0.039894910746,0.039289999686,0.038685088626,0.038236019928,0.03778695123,0.037285409277,0.036783867324,0.03854077702,0.040297686716,0.0411917079325,0.042085729149,0.0428407652215,0.043595801294,0.04355251926,0.043509237226,0.0444572862005,0.045405335175,0.045388976331,0.045372617487,0.0454394988075,0.045506380128,0.0456320352375,0.045757690347,0.046075604297,0.046393518247,0.0473490178255,0.048304517404
p98,0.035513146474,0.035513146474,0.035513146474,0.035513146474,0.035513146474,0.0348181863845,0.034123226295,0.036520585761,0.038917945227,0.040033918157,0.041149891087,0.040502078136,0.039854265185,0.039445842364,0.039037419543,0.0385579732645,0.038078526986,0.0398289502505,0.041579373515,0.042450506343,0.043321639171,0.044066484985,0.044811330799,0.044763266352,0.044715201905,0.045665367532,0.046615533159,0.046780635146,0.046945737133,0.0474201738985,0.047894610664,0.0478843072905,0.047874003917,0.0481011976165,0.048328391316,0.048843322982,0.049358254648
p99,0.035488287714,0.035488287714,0.035488287714,0.035488287714,0.035488287714,0.034489433288,0.033490578862,0.0360989939135,0.038707408965,0.0398363255225,0.04096524208,0.040283356705,0.03960147133,0.03925555572,0.03890964011,0.038332669063,0.037755698016,0.0392829172765,0.040810136537,0.041724344134,0.042638551731,0.043348610098,0.044058668465,0.044256503099,0.044454337733,0.045463689879,0.046473042025,0.046692500329,0.046911958633,0.04745880286,0.048005647087,0.0480619419225,0.048118236758,0.0486156138765,0.049112990995,0.0492229487975,0.0493329066
