county_id,ba
1,p102
2,p87
3,p40
4,p88
5,p5
6,p10
7,p100
8,p85
9,p62
10,p114
11,p25
12,p18
13,p92
14,p16
15,p79
16,p116
17,p98
18,p86
19,p80
20,p50
21,p92
22,p70
23,p3
24,p38
25,p112
26,p118
27,p42
28,p86
29,p87
30,p92
31,p40
32,p65
33,p93
34,p117
35,p98
36,p5
37,p15
38,p78
39,p25
40,p98
41,p86
42,p100
43,p46
44,p5
45,p103
46,p116
47,p109
48,p40
49,p64
50,p112
51,p101
52,p45
53,p81
54,p66
55,p63
56,p99
57,p81
58,p116
59,p97
60,p53
61,p126
62,p127
63,p127
64,p110
65,p85
66,p109
67,p107
68,p38
69,p129
70,p40
71,p31
72,p99
73,p66
74,p22
75,p94
76,p129
77,p53
78,p53
79,p63
80,p84
81,p50
82,p15
83,p57
84,p123
85,p97
86,p31
87,p52
88,p94
89,p9
90,p109
91,p126
92,p99
93,p92
94,p94
95,p85
96,p95
97,p45
98,p119
99,p57
100,p74
101,p54
102,p40
103,p93
104,p48
105,p62
106,p103
107,p63
108,p99
109,p100
110,p45
111,p83
112,p87
113,p84
114,p80
115,p2
116,p48
117,p33
118,p109
119,p40
120,p85
121,p105
122,p67
123,p27
124,p52
125,p24
126,p99
127,p38
128,p134
129,p90
130,p99
131,p34
132,p92
133,p34
134,p53
135,p122
137,p123
138,p64
139,p87
140,p96
141,p130
142,p50
143,p78
144,p131
145,p134
146,p111
147,p122
148,p92
149,p70
150,p18
151,p85
152,p94
153,p109
154,p70
155,p112
156,p105
157,p90
158,p73
159,p83
160,p37
161,p63
162,p101
163,p101
164,p66
165,p98
166,p37
167,p9
168,p44
169,p40
170,p94
171,p98
172,p87
173,p81
174,p112
175,p92
176,p87
177,p17
178,p103
179,p55
180,p3
181,p64
182,p53
183,p72
184,p12
185,p34
186,p34
187,p101
188,p17
189,p92
190,p18
191,p33
192,p112
193,p65
194,p98
195,p109
196,p40
197,p53
198,p5
199,p9
200,p1
201,p46
202,p131
203,p61
204,p98
205,p116
206,p96
207,p12
208,p14
209,p96
210,p81
211,p58
212,p130
213,p122
214,p123
215,p97
216,p80
217,p103
218,p132
219,p95
220,p89
221,p51
222,p40
223,p45
224,p85
225,p38
226,p38
227,p82
228,p87
229,p85
230,p87
231,p81
232,p63
233,p45
234,p104
235,p83
236,p33
237,p122
238,p50
239,p123
241,p92
242,p99
243,p93
244,p134
245,p28
246,p99
247,p72
248,p72
249,p85
250,p90
251,p11
252,p38
253,p40
254,p36
255,p92
256,p4
257,p5
258,p64
259,p45
260,p45
261,p65
262,p109
263,p1
264,p50
265,p12
266,p127
267,p116
268,p50
269,p131
270,p130
271,p67
272,p57
273,p57
274,p94
275,p55
276,p9
277,p5
278,p94
279,p28
280,p41
281,p92
282,p76
283,p74
284,p65
285,p10
286,p38
287,p103
288,p128
289,p51
290,p127
291,p117
292,p98
293,p79
294,p37
295,p86
296,p38
297,p94
298,p84
299,p94
301,p17
302,p43
303,p94
304,p73
305,p45
306,p103
307,p40
308,p37
309,p112
310,p43
311,p112
312,p99
313,p107
314,p122
315,p58
316,p105
317,p51
318,p46
319,p83
320,p88
321,p55
322,p36
323,p32
324,p103
325,p37
326,p74
327,p89
328,p50
329,p65
330,p76
331,p113
332,p18
333,p15
334,p107
335,p94
336,p43
337,p50
338,p109
339,p92
340,p83
341,p105
342,p44
343,p15
344,p80
345,p48
346,p64
347,p45
348,p94
349,p58
350,p80
351,p65
352,p94
353,p69
354,p90
355,p21
356,p48
357,p64
358,p24
359,p25
360,p98
361,p92
362,p43
363,p105
364,p118
365,p89
367,p43
368,p55
369,p105
370,p126
371,p45
372,p52
373,p93
374,p66
375,p62
376,p122
377,p42
378,p43
379,p31
380,p73
381,p71
382,p105
383,p40
384,p66
385,p93
386,p90
387,p105
388,p79
389,p36
390,p94
391,p103
392,p61
393,p95
394,p131
395,p89
396,p65
397,p72
398,p97
399,p85
400,p53
401,p91
402,p25
403,p88
404,p97
405,p97
406,p43
407,p112
408,p48
409,p101
410,p123
411,p42
412,p94
413,p103
414,p68
415,p70
416,p101
417,p34
418,p109
419,p19
420,p46
421,p45
422,p111
423,p122
424,p111
425,p122
426,p104
427,p43
428,p98
429,p53
430,p63
431,p90
432,p44
433,p88
434,p84
435,p116
436,p107
437,p129
438,p53
439,p92
440,p48
441,p112
442,p92
443,p46
444,p56
445,p116
446,p70
447,p72
448,p106
449,p55
450,p40
451,p99
452,p6
453,p53
454,p109
455,p76
456,p99
457,p41
458,p2
459,p70
460,p7
461,p61
462,p96
463,p118
464,p40
465,p94
466,p105
467,p124
468,p31
469,p107
470,p72
471,p40
472,p89
473,p61
474,p46
475,p52
476,p107
477,p88
478,p99
479,p131
480,p48
481,p92
482,p17
483,p93
484,p33
485,p92
486,p1
487,p85
488,p75
489,p85
490,p70
491,p99
492,p88
493,p68
494,p43
495,p34
496,p116
497,p53
498,p80
499,p98
500,p42
501,p83
503,p66
504,p40
505,p111
506,p53
507,p15
508,p101
509,p94
510,p94
511,p60
512,p43
513,p58
514,p58
515,p85
516,p91
517,p60
518,p96
519,p99
520,p46
521,p98
522,p53
523,p18
524,p81
525,p81
526,p53
527,p83
528,p99
529,p35
530,p15
531,p92
532,p112
533,p101
534,p39
535,p60
536,p48
537,p48
538,p127
539,p48
540,p55
541,p26
542,p25
543,p81
544,p21
545,p97
546,p127
547,p125
548,p87
549,p93
550,p80
551,p116
552,p107
553,p109
554,p70
555,p96
556,p99
557,p109
558,p100
559,p92
560,p89
561,p110
562,p70
563,p127
564,p81
565,p91
566,p63
567,p93
568,p81
569,p107
570,p97
571,p94
572,p107
573,p45
574,p65
575,p28
576,p64
577,p90
578,p33
579,p112
580,p105
581,p87
582,p102
583,p108
584,p9
585,p63
586,p112
587,p9
588,p41
589,p5
590,p77
591,p107
592,p116
593,p84
594,p53
595,p116
596,p113
597,p19
598,p120
599,p33
600,p16
601,p122
602,p112
603,p94
604,p34
605,p81
606,p3
607,p101
608,p40
609,p2
610,p37
611,p94
612,p103
613,p54
614,p64
615,p92
616,p132
617,p60
618,p42
619,p109
620,p108
621,p17
622,p45
623,p46
624,p3
625,p122
626,p94
627,p96
628,p92
629,p33
630,p61
631,p89
632,p60
633,p61
634,p94
635,p114
636,p31
637,p92
638,p109
639,p38
640,p38
641,p127
643,p108
644,p105
645,p45
646,p48
647,p50
648,p94
649,p38
650,p103
651,p66
652,p60
653,p36
654,p99
655,p38
656,p127
657,p65
658,p89
659,p40
660,p126
661,p83
662,p50
663,p42
664,p50
665,p93
666,p18
667,p50
668,p103
669,p72
670,p53
671,p94
672,p92
673,p72
674,p76
675,p94
676,p54
677,p117
678,p134
679,p58
680,p33
681,p58
682,p43
683,p38
684,p94
685,p34
686,p60
687,p63
688,p127
689,p107
690,p40
691,p5
692,p87
693,p103
694,p94
695,p118
697,p34
698,p89
699,p70
700,p36
701,p90
702,p37
703,p109
704,p87
705,p58
706,p56
707,p85
708,p94
709,p96
710,p101
711,p90
712,p21
713,p96
714,p111
715,p33
716,p64
717,p94
718,p74
719,p44
720,p64
721,p50
722,p53
723,p92
724,p96
725,p70
726,p87
727,p36
728,p109
729,p30
730,p15
731,p28
732,p99
733,p38
734,p63
735,p73
736,p67
737,p107
738,p49
739,p5
740,p63
741,p40
742,p45
743,p83
744,p104
745,p15
746,p92
747,p9
748,p93
749,p109
750,p91
751,p9
752,p65
753,p122
754,p117
755,p55
756,p12
757,p99
758,p109
759,p35
760,p116
761,p92
762,p48
763,p50
764,p6
765,p39
766,p2
767,p44
768,p64
769,p127
770,p107
771,p81
772,p16
773,p17
774,p130
775,p63
776,p103
777,p88
778,p51
779,p25
780,p50
781,p58
782,p73
783,p129
784,p109
785,p20
786,p96
787,p112
788,p81
789,p53
790,p63
791,p38
792,p53
793,p97
794,p50
795,p90
796,p83
797,p53
798,p109
799,p81
800,p45
801,p18
802,p58
803,p122
804,p46
805,p51
806,p46
807,p38
808,p80
809,p64
810,p38
811,p34
812,p112
813,p18
814,p52
815,p38
816,p53
817,p112
818,p60
819,p53
820,p127
821,p31
822,p94
823,p53
824,p37
825,p122
826,p127
827,p99
828,p108
829,p96
830,p84
831,p63
832,p129
833,p98
834,p103
835,p25
836,p122
837,p63
838,p97
839,p31
840,p63
841,p126
842,p89
843,p109
844,p123
845,p87
846,p66
847,p98
848,p66
849,p94
850,p37
851,p57
852,p56
853,p127
854,p33
855,p115
856,p63
857,p66
858,p99
859,p53
860,p1
861,p109
862,p87
863,p71
864,p53
865,p134
866,p38
867,p85
868,p92
869,p127
870,p90
871,p38
872,p101
873,p118
874,p102
875,p97
876,p87
877,p103
878,p50
879,p118
880,p14
881,p70
882,p50
883,p63
884,p81
885,p122
886,p97
887,p45
888,p103
889,p85
890,p112
891,p103
892,p94
893,p83
894,p94
895,p38
896,p90
897,p99
898,p87
899,p62
900,p25
901,p118
902,p40
903,p63
904,p38
905,p122
906,p50
907,p58
908,p51
909,p92
910,p101
911,p97
912,p5
913,p99
914,p83
915,p84
916,p131
917,p40
918,p36
919,p116
920,p96
921,p58
922,p54
923,p45
924,p96
925,p94
926,p127
927,p95
928,p99
929,p36
930,p92
931,p101
932,p116
933,p55
934,p118
935,p60
936,p36
937,p40
938,p111
939,p58
940,p9
941,p92
942,p116
943,p58
944,p13
945,p93
946,p102
947,p33
948,p80
949,p102
950,p5
951,p118
952,p33
953,p40
954,p85
955,p34
956,p54
957,p63
958,p73
959,p87
960,p80
961,p99
962,p9
963,p131
964,p92
965,p84
966,p94
967,p18
968,p31
969,p88
970,p105
971,p71
972,p84
973,p103
974,p127
975,p51
976,p94
977,p90
978,p29
979,p56
980,p79
981,p111
982,p130
983,p93
984,p94
985,p77
986,p94
987,p122
988,p70
989,p133
990,p127
991,p40
992,p82
993,p126
994,p123
995,p61
996,p63
997,p101
998,p85
999,p89
1000,p109
1001,p94
1002,p63
1003,p46
1004,p61
1005,p118
1006,p37
1007,p94
1008,p130
1009,p92
1010,p45
1011,p64
1012,p103
1013,p63
1014,p48
1015,p30
1016,p115
1017,p48
1018,p87
1019,p107
1020,p43
1021,p31
1022,p38
1023,p90
1024,p88
1025,p43
1026,p65
1027,p105
1028,p60
1029,p97
1030,p116
1031,p32
1032,p63
1033,p92
1034,p94
1035,p53
1036,p94
1037,p109
1038,p111
1039,p103
1040,p54
1041,p118
1042,p5
1043,p2
1044,p109
1045,p40
1046,p54
1047,p60
1048,p98
1049,p116
1050,p112
1051,p48
1052,p98
1053,p94
1054,p94
1055,p61
1056,p94
1057,p54
1058,p70
1059,p10
1060,p69
1061,p5
1062,p39
1063,p36
1064,p20
1065,p92
1066,p98
1067,p112
1068,p50
1069,p53
1070,p42
1071,p58
1072,p128
1073,p106
1074,p107
1075,p116
1076,p72
1077,p38
1078,p112
1079,p99
1080,p94
1081,p18
1082,p92
1083,p54
1084,p5
1085,p10
1086,p45
1087,p105
1088,p40
1089,p105
1090,p81
1091,p103
1092,p88
1093,p49
1094,p25
1095,p9
1096,p58
1097,p65
1098,p37
1099,p25
1100,p110
1101,p94
1102,p41
1103,p9
1104,p63
1105,p53
1106,p26
1108,p63
1109,p35
1110,p92
1111,p99
1112,p70
1113,p85
1114,p112
1115,p70
1116,p16
1117,p9
1118,p92
1119,p53
1120,p112
1121,p104
1122,p79
1123,p85
1124,p70
1125,p38
1126,p109
1127,p72
1128,p92
1129,p65
1130,p112
1131,p98
1132,p24
1134,p85
1135,p103
1136,p36
1137,p83
1138,p127
1139,p65
1140,p42
1141,p97
1142,p43
1143,p109
1144,p40
1145,p85
1146,p132
1147,p127
1148,p102
1149,p40
1150,p72
1151,p97
1152,p48
1153,p55
1154,p117
1156,p98
1157,p129
1158,p94
1159,p101
1160,p98
1161,p43
1162,p88
1163,p68
1164,p50
1165,p123
1166,p103
1167,p99
1168,p31
1169,p98
1170,p70
1171,p87
1172,p54
1173,p98
1174,p81
1175,p94
1176,p94
1177,p123
1178,p10
1179,p96
1180,p99
1181,p94
1182,p53
1183,p94
1184,p127
1185,p72
1186,p101
1187,p56
1188,p33
1189,p39
1190,p122
1191,p76
1193,p69
1194,p52
1195,p43
1196,p94
1197,p88
1198,p119
1199,p53
1200,p126
1201,p58
1202,p122
1203,p33
1204,p56
1205,p45
1206,p127
1207,p74
1208,p92
1209,p112
1210,p95
1211,p97
1212,p127
1213,p81
1214,p98
1215,p40
1216,p4
1217,p5
1218,p97
1219,p103
1220,p45
1221,p41
1222,p109
1223,p97
1224,p81
1225,p50
1226,p112
1227,p91
1228,p127
1229,p99
1230,p116
1231,p71
1233,p12
1234,p89
1235,p9
1236,p112
1237,p60
1238,p117
1239,p107
1240,p92
1241,p53
1242,p97
1243,p109
1244,p16
1245,p98
1246,p92
1247,p9
1248,p2
1249,p98
1250,p87
1251,p65
1252,p85
1253,p70
1254,p58
1255,p83
1256,p55
1257,p38
1258,p72
1259,p37
1260,p25
1261,p85
1262,p9
1263,p63
1264,p3
1265,p58
1266,p15
1267,p95
1268,p99
1269,p31
1270,p94
1271,p34
1272,p93
1273,p72
1274,p63
1275,p113
1276,p76
1277,p9
1278,p38
1279,p105
1280,p94
1281,p44
1282,p103
1283,p65
1284,p89
1285,p90
1286,p94
1287,p12
1288,p14
1289,p18
1290,p48
1291,p112
1292,p35
1293,p109
1294,p55
1295,p129
1296,p109
1297,p33
1298,p66
1299,p25
1300,p75
1301,p50
1302,p75
1303,p94
1304,p86
1305,p94
1306,p132
1307,p119
1308,p65
1309,p94
1310,p89
1311,p101
1312,p58
1313,p54
1314,p48
1315,p125
1316,p53
1317,p81
1318,p134
1319,p80
1320,p103
1321,p94
1322,p112
1323,p101
1324,p21
1325,p118
1326,p31
1327,p54
1328,p118
1329,p34
1330,p127
1331,p129
1332,p126
1333,p83
1334,p34
1335,p92
1336,p107
1337,p21
1338,p131
1339,p81
1340,p68
1341,p85
1342,p53
1343,p122
1344,p61
1345,p103
1346,p96
1347,p64
1348,p87
1349,p52
1350,p34
1351,p31
1352,p56
1353,p103
1354,p41
1355,p109
1356,p95
1357,p26
1358,p93
1359,p118
1360,p127
1361,p99
1362,p65
1363,p53
1364,p50
1365,p8
1366,p67
1367,p101
1368,p111
1369,p98
1370,p101
1371,p15
1372,p50
1373,p114
1374,p110
1375,p58
1376,p63
1377,p40
1378,p53
1379,p38
1380,p130
1381,p93
1382,p38
1383,p132
1384,p43
1385,p84
1386,p53
1387,p46
1388,p94
1389,p85
1390,p50
1391,p94
1392,p101
1393,p43
1394,p15
1395,p51
1396,p98
1397,p101
1398,p63
1399,p58
1400,p44
1401,p100
1402,p28
1403,p33
1404,p94
1405,p70
1406,p112
1407,p94
1408,p92
1409,p46
1410,p53
1411,p15
1412,p38
1413,p70
1414,p88
1415,p40
1416,p92
1417,p132
1418,p69
1419,p92
1420,p64
1421,p99
1422,p87
1423,p103
1424,p99
1425,p127
1426,p38
1427,p31
1428,p63
1429,p108
1430,p105
1431,p50
1432,p121
1433,p87
1434,p47
1435,p9
1436,p50
1437,p107
1438,p55
1439,p105
1440,p50
1441,p99
1442,p5
1443,p50
1444,p40
1445,p118
1446,p24
1447,p87
1448,p48
1449,p41
1450,p92
1451,p38
1452,p45
1453,p38
1454,p100
1455,p122
1456,p82
1457,p107
1458,p58
1459,p122
1460,p126
1461,p116
1462,p94
1463,p117
1464,p127
1465,p109
1467,p126
1468,p85
1469,p85
1470,p71
1471,p122
1472,p53
1473,p74
1474,p107
1475,p35
1476,p20
1477,p69
1478,p57
1479,p46
1480,p63
1481,p53
1482,p37
1483,p92
1484,p53
1485,p36
1486,p92
1487,p88
1488,p112
1489,p34
1490,p123
1491,p42
1492,p134
1493,p101
1494,p53
1495,p87
1496,p42
1497,p74
1498,p64
1499,p39
1500,p101
1501,p94
1502,p123
1503,p105
1504,p52
1505,p41
1506,p69
1507,p93
1508,p85
1509,p101
1510,p109
1511,p95
1512,p99
1513,p90
1514,p105
1515,p101
1516,p119
1518,p85
1519,p90
1520,p98
1521,p48
1522,p10
1523,p43
1524,p1
1525,p8
1526,p62
1527,p41
1528,p64
1529,p111
1530,p98
1531,p92
1532,p94
1533,p70
1534,p95
1535,p103
1536,p54
1537,p68
1538,p109
1539,p99
1540,p105
1541,p108
1542,p1
1543,p37
1544,p105
1545,p115
1546,p58
1547,p87
1548,p40
1549,p63
1550,p92
1551,p33
1552,p99
1553,p2
1554,p77
1555,p94
1556,p36
1557,p99
1558,p72
1559,p94
1560,p110
1561,p99
1562,p58
1563,p44
1564,p58
1565,p47
1566,p37
1567,p72
1568,p38
1569,p111
1570,p118
1571,p35
1572,p81
1573,p53
1574,p50
1575,p122
1576,p118
1577,p58
1578,p98
1579,p85
1580,p37
1581,p2
1582,p90
1583,p105
1584,p9
1585,p21
1586,p33
1587,p122
1588,p58
1589,p34
1590,p94
1591,p25
1592,p126
1593,p38
1594,p71
1595,p109
1596,p36
1597,p90
1598,p53
1599,p94
1600,p122
1601,p43
1602,p94
1603,p43
1604,p58
1605,p72
1606,p33
1607,p25
1608,p81
1609,p60
1610,p115
1611,p96
1612,p50
1613,p61
1614,p127
1615,p94
1616,p101
1617,p107
1618,p107
1619,p129
1620,p90
1621,p93
1622,p112
1623,p101
1624,p39
1625,p2
1626,p89
1627,p83
1628,p94
1629,p31
1630,p68
1631,p85
1632,p9
1633,p15
1634,p99
1635,p94
1636,p118
1637,p97
1638,p37
1639,p92
1640,p63
1641,p90
1642,p53
1643,p53
1644,p16
1645,p14
1646,p103
1647,p20
1648,p126
1649,p66
1650,p58
1651,p122
1652,p101
1653,p53
1654,p117
1655,p53
1656,p3
1657,p86
1658,p122
1659,p43
1660,p98
1661,p111
1662,p87
1663,p122
1664,p94
1665,p104
1666,p39
1667,p28
1668,p1
1669,p90
1670,p38
1671,p94
1672,p7
1673,p3
1674,p134
1675,p99
1676,p118
1677,p94
1678,p9
1679,p87
1680,p58
1681,p89
1682,p50
1683,p81
1684,p112
1685,p12
1686,p123
1687,p122
1688,p94
1689,p123
1690,p63
1691,p90
1692,p80
1693,p94
1694,p55
1695,p92
1696,p16
1697,p94
1698,p56
1699,p91
1700,p87
1701,p123
1702,p87
1703,p52
1704,p55
1705,p37
1706,p87
1707,p134
1708,p99
1709,p9
1710,p88
1711,p50
1712,p92
1713,p38
1714,p81
1715,p126
1716,p112
1717,p50
1718,p91
1719,p23
1720,p97
1721,p131
1722,p38
1723,p85
1724,p53
1725,p65
1726,p109
1727,p40
1729,p47
1730,p38
1731,p14
1732,p107
1733,p131
1734,p50
1735,p65
1736,p87
1737,p98
1738,p94
1739,p64
1740,p83
1741,p12
1742,p116
1743,p88
1744,p53
1745,p99
1746,p63
1747,p130
1748,p118
1749,p94
1750,p94
1751,p85
1752,p133
1753,p53
1754,p108
1755,p72
1756,p97
1757,p64
1758,p72
1759,p94
1760,p68
1761,p68
1762,p86
1763,p28
1764,p56
1765,p113
1766,p89
1767,p103
1768,p112
1769,p101
1770,p98
1771,p85
1772,p63
1773,p96
1774,p108
1775,p103
1776,p105
1777,p46
1778,p48
1779,p60
1780,p53
1781,p134
1782,p130
1783,p101
1784,p115
1785,p85
1786,p103
1787,p108
1788,p87
1789,p54
1790,p108
1791,p134
1792,p112
1793,p42
1794,p55
1795,p20
1796,p112
1797,p33
1798,p94
1799,p28
1800,p112
1801,p34
1802,p103
1803,p63
1804,p35
1805,p12
1806,p117
1807,p92
1808,p71
1809,p36
1810,p107
1811,p84
1812,p9
1813,p69
1814,p6
1815,p109
1816,p12
1817,p133
1818,p69
1819,p70
1820,p40
1821,p99
1822,p35
1823,p92
1824,p103
1825,p41
1826,p131
1827,p26
1828,p103
1829,p118
1830,p97
1831,p76
1832,p123
1833,p54
1834,p58
1835,p74
1836,p75
1837,p25
1838,p43
1839,p103
1840,p94
1841,p94
1842,p10
1843,p105
1844,p99
1845,p9
1846,p109
1847,p18
1848,p107
1849,p90
1850,p7
1851,p48
1852,p99
1853,p72
1854,p65
1855,p40
1856,p37
1857,p84
1858,p97
1859,p51
1860,p70
1861,p92
1862,p115
1863,p48
1864,p52
1865,p10
1866,p92
1867,p41
1868,p116
1869,p52
1870,p122
1871,p112
1872,p94
1873,p61
1874,p85
1875,p53
1876,p92
1877,p38
1878,p81
1879,p39
1880,p85
1881,p53
1882,p17
1883,p101
1884,p94
1885,p92
1886,p70
1887,p94
1888,p81
1889,p99
1890,p98
1891,p116
1892,p50
1893,p43
1894,p99
1895,p105
1896,p40
1897,p105
1898,p97
1899,p114
1900,p116
1901,p56
1902,p123
1903,p112
1904,p56
1905,p94
1907,p94
1908,p65
1909,p38
1910,p90
1911,p92
1912,p35
1913,p116
1914,p127
1915,p99
1916,p53
1917,p127
1919,p98
1920,p111
1921,p40
1922,p53
1923,p50
1924,p81
1925,p43
1926,p58
1927,p108
1928,p98
1929,p63
1930,p116
1931,p107
1932,p76
1933,p126
1934,p118
1935,p92
1936,p127
1937,p127
1938,p94
1939,p45
1940,p101
1941,p81
1942,p64
1943,p109
1944,p40
1945,p126
1946,p87
1947,p48
1948,p43
1949,p9
1950,p38
1951,p126
1952,p43
1953,p76
1954,p31
1955,p77
1956,p127
1957,p81
1958,p72
1959,p58
1960,p105
1961,p110
1962,p94
1963,p70
1964,p40
1966,p110
1967,p50
1968,p122
1969,p47
1970,p92
1971,p54
1972,p10
1973,p94
1974,p63
1975,p9
1976,p47
1977,p75
1978,p64
1979,p12
1981,p96
1982,p97
1983,p97
1984,p38
1985,p129
1986,p81
1987,p101
1988,p33
1989,p85
1990,p103
1991,p53
1992,p99
1993,p94
1994,p134
1995,p94
1996,p103
1997,p34
1998,p122
1999,p64
2000,p81
2001,p101
2002,p15
2003,p80
2004,p63
2005,p96
2006,p94
2007,p70
2008,p103
2009,p103
2010,p9
2011,p87
2012,p85
2013,p109
2014,p64
2015,p9
2016,p51
2017,p77
2018,p56
2019,p56
2020,p9
2021,p54
2022,p56
2023,p61
2024,p10
2025,p99
2026,p15
2027,p63
2028,p70
2029,p3
2030,p58
2031,p94
2032,p38
2033,p127
2034,p98
2035,p25
2036,p81
2038,p87
2039,p50
2040,p94
2041,p134
2042,p99
2043,p55
2044,p53
2045,p54
2046,p98
2047,p63
2048,p99
2049,p72
2050,p89
2051,p8
2052,p89
2053,p3
2054,p89
2055,p36
2056,p94
2057,p84
2058,p63
2059,p127
2060,p85
2061,p37
2062,p12
2063,p127
2064,p56
2065,p53
2066,p109
2067,p42
2069,p126
2070,p97
2071,p81
2072,p103
2073,p75
2074,p99
2075,p112
2076,p103
2077,p113
2078,p70
2079,p15
2080,p65
2081,p57
2082,p26
2083,p99
2084,p38
2085,p87
2086,p97
2087,p99
2088,p94
2089,p34
2090,p50
2091,p38
2092,p105
2093,p49
2094,p112
2095,p47
2096,p103
2097,p81
2098,p31
2099,p53
2100,p38
2101,p26
2102,p99
2103,p103
2104,p51
2105,p44
2106,p94
2107,p16
2108,p99
2109,p111
2110,p103
2111,p37
2112,p43
2113,p65
2114,p90
2115,p58
2116,p94
2117,p127
2118,p96
2119,p122
2120,p97
2121,p22
2122,p60
2123,p94
2124,p112
2125,p105
2126,p112
2127,p55
2128,p12
2129,p105
2130,p54
2131,p31
2132,p94
2133,p94
2134,p63
2135,p33
2136,p81
2137,p127
2138,p88
2139,p81
2140,p127
2141,p36
2142,p93
2143,p90
2144,p114
2145,p52
2146,p31
2147,p54
2148,p127
2149,p94
2150,p112
2151,p24
2152,p54
2153,p118
2154,p98
2155,p107
2156,p73
2157,p126
2158,p78
2159,p125
2160,p94
2161,p68
2162,p132
2163,p62
2164,p98
2165,p25
2166,p23
2167,p112
2168,p32
2169,p87
2170,p63
2171,p76
2172,p39
2173,p81
2174,p87
2175,p25
2176,p52
2177,p50
2178,p5
2179,p70
2180,p118
2181,p80
2182,p88
2183,p101
2184,p109
2185,p92
2187,p127
2188,p16
2189,p58
2190,p54
2191,p116
2192,p105
2193,p94
2194,p118
2195,p87
2196,p53
2197,p65
2198,p61
2199,p87
2200,p43
2201,p36
2202,p93
2203,p123
2204,p92
2205,p79
2206,p40
2207,p70
2208,p93
2209,p110
2210,p50
2211,p74
2212,p36
2213,p46
2214,p58
2215,p60
2216,p86
2217,p33
2218,p32
2219,p58
2220,p103
2221,p86
2222,p127
2223,p6
2224,p40
2225,p101
2226,p129
2227,p71
2228,p70
2229,p105
2230,p54
2231,p56
2232,p99
2233,p81
2234,p117
2235,p98
2236,p38
2237,p53
2238,p43
2239,p91
2240,p54
2241,p17
2242,p17
2243,p50
2244,p15
2245,p92
2246,p45
2247,p52
2248,p101
2249,p20
2250,p45
2251,p107
2252,p94
2253,p58
2254,p95
2255,p45
2256,p121
2257,p87
2258,p122
2259,p116
2260,p46
2261,p5
2262,p2
2263,p93
2264,p5
2265,p40
2266,p92
2267,p34
2268,p69
2269,p39
2270,p101
2271,p99
2272,p61
2273,p54
2274,p94
2275,p68
2276,p87
2277,p127
2278,p107
2279,p39
2280,p87
2281,p63
2282,p103
2283,p116
2284,p117
2285,p96
2286,p51
2287,p99
2288,p34
2289,p101
2290,p48
2291,p70
2292,p119
2293,p96
2294,p35
2295,p39
2296,p122
2297,p92
2298,p92
2299,p84
2300,p92
2301,p85
2302,p94
2303,p88
2304,p109
2305,p81
2306,p70
2307,p53
2308,p36
2310,p107
2311,p34
2312,p76
2313,p103
2314,p97
2315,p43
2316,p99
2317,p97
2318,p118
2319,p46
2320,p72
2321,p93
2322,p38
2323,p9
2324,p52
2325,p38
2326,p122
2327,p122
2328,p36
2329,p66
2330,p52
2331,p75
2332,p94
2333,p79
2334,p53
2335,p118
2336,p127
2337,p50
2338,p36
2339,p112
2340,p107
2341,p48
2342,p20
2343,p43
2344,p94
2345,p105
2346,p115
2347,p99
2348,p64
2349,p133
2350,p109
2351,p51
2352,p61
2353,p63
2354,p123
2355,p97
2357,p98
2358,p17
2359,p98
2360,p112
2361,p63
2362,p25
2363,p90
2364,p56
2365,p53
2366,p15
2367,p50
2368,p81
2369,p38
2370,p101
2371,p111
2372,p94
2373,p86
2374,p9
2375,p18
2376,p44
2377,p38
2378,p63
2379,p20
2380,p118
2381,p50
2382,p15
2383,p122
2385,p43
2386,p52
2387,p118
2388,p98
2389,p26
2390,p83
2391,p101
2392,p87
2393,p9
2394,p43
2395,p94
2396,p101
2397,p118
2398,p56
2399,p24
2400,p112
2401,p9
2402,p38
2403,p50
2404,p76
2405,p109
2406,p41
2407,p93
2408,p85
2409,p92
2410,p70
2411,p96
2412,p92
2414,p126
2415,p53
2416,p99
2417,p9
2418,p109
2419,p21
2420,p65
2421,p92
2422,p40
2423,p53
2424,p31
2425,p57
2426,p116
2427,p85
2428,p88
2429,p48
2430,p107
2431,p129
2432,p81
2433,p14
2434,p95
2435,p64
2436,p105
2437,p61
2438,p109
2439,p14
2440,p40
2441,p99
2442,p92
2443,p34
2444,p39
2445,p99
2446,p70
2447,p109
2448,p107
2449,p92
2450,p56
2451,p105
2452,p31
2453,p40
2454,p88
2455,p97
2456,p99
2457,p117
2458,p9
2459,p58
2460,p126
2461,p34
2462,p60
2463,p97
2464,p90
2466,p116
2468,p35
2469,p112
2470,p52
2471,p53
2472,p31
2473,p85
2474,p34
2475,p70
2476,p20
2477,p97
2478,p95
2479,p107
2480,p134
2481,p60
2482,p65
2484,p122
2485,p124
2486,p18
2487,p53
2488,p100
2489,p89
2491,p84
2492,p96
2493,p134
2494,p94
2495,p44
2496,p86
2497,p85
2498,p94
2499,p33
2500,p1
2501,p82
2502,p113
2503,p2
2504,p85
2505,p99
2506,p94
2507,p60
2508,p82
2509,p63
2510,p92
2511,p98
2512,p2
2513,p94
2514,p99
2515,p107
2516,p95
2517,p9
2518,p87
2519,p123
2520,p48
2521,p12
2522,p108
2523,p65
2524,p109
2525,p40
2526,p92
2527,p37
2528,p92
2529,p79
2530,p109
2531,p112
2532,p94
2533,p6
2534,p94
2535,p111
2536,p116
2537,p48
2538,p39
2539,p99
2540,p122
2541,p91
2542,p61
2543,p53
2544,p33
2545,p2
2546,p43
2547,p88
2548,p87
2549,p131
2550,p37
2551,p94
2552,p116
2553,p63
2554,p98
2555,p53
2556,p87
2557,p37
2558,p40
2559,p109
2560,p6
2561,p12
2562,p116
2563,p63
2564,p92
2565,p9
2566,p94
2567,p112
2568,p109
2569,p7
2570,p70
2571,p109
2572,p41
2573,p62
2574,p90
2575,p111
2576,p54
2577,p96
2578,p69
2579,p98
2580,p5
2581,p70
2582,p90
2583,p39
2584,p56
2585,p90
2586,p96
2587,p101
2588,p123
2589,p9
2590,p107
2591,p101
2592,p58
2593,p105
2594,p43
2595,p18
2596,p81
2597,p117
2598,p53
2599,p99
2600,p130
2601,p50
2602,p90
2603,p94
2604,p33
2605,p55
2606,p122
2607,p127
2608,p55
2609,p28
2610,p45
2611,p92
2612,p34
2613,p115
2614,p69
2615,p122
2616,p33
2617,p90
2618,p61
2619,p70
2620,p38
2621,p65
2622,p98
2623,p121
2624,p58
2625,p133
2626,p72
2627,p94
2628,p109
2629,p65
2630,p45
2631,p98
2632,p58
2633,p70
2634,p64
2635,p2
2636,p51
2637,p99
2638,p103
2639,p99
2640,p116
2641,p109
2642,p74
2643,p81
2644,p103
2645,p58
2646,p38
2647,p94
2648,p64
2649,p39
2650,p36
2651,p5
2652,p94
2653,p97
2654,p127
2655,p17
2656,p62
2657,p50
2658,p80
2659,p107
2660,p97
2661,p103
2662,p58
2663,p42
2664,p62
2665,p48
2666,p85
2667,p83
2668,p37
2669,p9
2670,p43
2671,p45
2672,p92
2673,p109
2674,p70
2676,p110
2677,p63
2678,p127
2679,p40
2680,p109
2681,p68
2682,p81
2683,p58
2684,p103
2685,p50
2686,p94
2687,p117
2688,p94
2689,p38
2690,p99
2691,p61
2692,p89
2693,p64
2694,p31
2695,p89
2696,p77
2697,p105
2698,p84
2699,p127
2700,p127
2701,p122
2702,p63
2703,p72
2704,p53
2705,p52
2706,p92
2707,p81
2708,p122
2709,p50
2710,p25
2711,p16
2712,p63
2713,p61
2714,p36
2715,p77
2716,p58
2717,p110
2718,p85
2719,p77
2720,p94
2721,p90
2722,p68
2723,p90
2724,p109
2725,p38
2726,p112
2727,p34
2728,p17
2729,p112
2730,p107
2731,p122
2732,p40
2733,p37
2734,p75
2735,p81
2736,p75
2737,p103
2738,p122
2739,p94
2740,p92
2741,p55
2742,p81
2744,p92
2745,p71
2746,p93
2747,p116
2748,p33
2749,p48
2750,p18
2751,p118
2752,p94
2753,p43
2754,p40
2755,p65
2756,p76
2757,p103
2758,p5
2759,p53
2760,p75
2761,p118
2762,p129
2763,p122
2764,p94
2765,p105
2766,p92
2767,p53
2768,p71
2769,p94
2770,p46
2771,p79
2772,p53
2773,p87
2774,p107
2775,p70
2776,p110
2777,p94
2778,p16
2779,p9
2780,p89
2781,p81
2782,p9
2783,p9
2784,p101
2785,p99
2786,p2
2787,p34
2788,p99
2789,p94
2790,p112
2791,p65
2792,p96
2793,p105
2794,p66
2795,p89
2796,p108
2797,p46
2798,p90
2799,p40
2800,p69
2801,p80
2802,p70
2803,p64
2804,p75
2805,p74
2806,p81
2807,p94
2808,p43
2809,p94
2810,p31
2811,p94
2812,p97
2813,p105
2814,p57
2815,p98
2816,p88
2817,p96
2818,p99
2819,p70
2820,p91
2821,p34
2822,p28
2823,p87
2824,p25
2825,p1
2826,p127
2827,p116
2828,p85
2829,p43
2830,p31
2831,p94
2832,p83
2833,p53
2834,p99
2835,p103
2836,p80
2837,p98
2838,p40
2839,p105
2840,p90
2841,p94
2842,p99
2843,p68
2844,p90
2845,p112
2846,p112
2847,p48
2848,p89
2849,p21
2850,p94
2851,p37
2852,p63
2853,p85
2854,p126
2855,p85
2856,p85
2857,p97
2858,p92
2859,p43
2860,p52
2861,p55
2862,p66
2863,p99
2864,p16
2865,p83
2866,p127
2867,p94
2868,p75
2869,p31
2870,p31
2871,p87
2872,p97
2873,p38
2874,p64
2875,p38
2876,p134
2877,p107
2878,p9
2879,p103
2880,p23
2881,p53
2882,p75
2883,p92
2884,p99
2885,p45
2886,p65
2887,p76
2888,p70
2889,p109
2890,p42
2891,p40
2892,p105
2893,p16
2894,p99
2895,p102
2896,p131
2897,p85
2898,p94
2899,p43
2900,p41
2901,p45
2902,p88
2903,p70
2904,p17
2905,p50
2906,p92
2907,p70
2908,p83
2909,p53
2910,p99
2911,p76
2912,p50
2913,p73
2914,p112
2915,p87
2917,p105
2918,p24
2919,p85
2920,p87
2921,p101
2922,p9
2923,p97
2924,p111
2925,p113
2926,p66
2927,p80
2928,p81
2929,p107
2930,p43
2931,p99
2932,p109
2933,p12
2934,p2
2935,p85
2936,p87
2937,p99
2938,p43
2939,p53
2940,p57
2941,p127
2942,p16
2943,p63
2944,p113
2945,p98
2946,p98
2947,p15
2948,p65
2949,p63
2950,p15
2951,p53
2952,p50
2953,p123
2954,p103
2955,p18
2956,p43
2957,p94
2958,p83
2959,p109
2960,p107
2961,p25
2962,p45
2963,p94
2964,p109
2965,p16
2967,p45
2968,p83
2969,p54
2970,p55
2971,p109
2972,p33
2973,p52
2974,p93
2975,p45
2976,p81
2977,p103
2978,p82
2979,p65
2980,p60
2981,p118
2982,p87
2983,p43
2984,p132
2985,p50
2986,p46
2987,p84
2988,p63
2989,p59
2990,p122
2991,p53
2992,p17
2993,p20
2994,p109
2995,p54
2996,p18
2997,p109
2998,p94
2999,p94
3000,p109
3001,p17
3002,p127
3003,p34
3004,p105
3005,p89
3006,p109
3007,p37
3008,p48
3009,p103
3010,p37
3011,p52
3012,p60
3013,p63
3014,p51
3015,p60
3016,p34
3017,p63
3018,p45
3019,p96
3020,p43
3021,p109
3022,p98
3023,p28
3024,p96
3025,p103
3026,p65
3027,p24
3028,p109
3029,p58
3030,p21
3031,p58
3032,p46
3033,p94
3034,p94
3035,p105
3036,p103
3037,p48
3038,p21
3039,p58
3040,p96
3041,p60
3042,p34
3043,p122
3044,p72
3045,p127
3046,p48
3047,p52
3048,p94
3049,p43
3050,p92
3051,p70
3052,p62
3053,p92
3054,p107
3055,p87
3056,p80
3057,p101
3058,p38
3059,p98
3060,p34
3061,p100
3062,p101
3063,p103
3064,p40
3065,p75
3066,p50
3067,p127
3068,p103
3069,p15
3070,p40
3071,p50
3072,p99
3073,p40
3074,p5
3075,p127
3076,p62
3077,p40
3078,p5
3079,p32
3080,p58
3081,p94
3082,p103
3083,p38
3084,p89
3085,p99
3086,p116
3087,p96
3088,p127
3089,p116
3090,p50
3091,p101
3092,p92
3093,p61
3094,p92
3095,p33
3096,p127
3097,p72
3098,p116
3100,p118
3101,p72
3102,p60
3103,p92
3104,p121
3105,p45
3106,p80
3107,p63
3108,p99
3109,p98
3110,p5
3111,p40
3112,p93
3113,p40
3114,p92
3115,p69
3116,p97
3117,p94
3118,p1
3119,p122
3120,p116
3121,p77
3122,p64
3123,p54
3124,p58
3125,p64
3126,p2
3127,p94
3128,p131
3129,p87
3130,p5
3131,p39
3132,p40
3133,p122
3134,p92
3135,p127
3136,p71
3137,p120
3138,p105
3139,p92
3140,p94
3141,p43
3142,p118
3143,p1
